day,observed_rate,predicted_rate,brier,calibration_gap,alarm
2019-01-07,0.19595715794237442,0.24144814936255424,0.1635279838853927,-0.045490991420179816,False
2019-01-08,0.18292682926829268,0.2338200720729398,0.15563121320148046,-0.05089324280464713,False
2019-01-09,0.15966010733452593,0.21440565915819465,0.1424029814579493,-0.05474555182366872,False
2019-01-10,0.16054842989827509,0.1920528920564371,0.13767430327307942,-0.03150446215816202,False
2019-01-11,0.16730373419582475,0.1593850496399127,0.13415158048691125,0.007918684555912048,False
2019-01-12,0.16577301161751565,0.15524292774807524,0.13379875232449606,0.010530083869440404,False
2019-01-13,0.1582918364267391,0.1612751768209207,0.13079857231576084,-0.002983340394181605,False
2019-01-14,0.15603900975243812,0.16194831253646785,0.12909231067639484,-0.005909302784029735,False
2019-01-15,0.16261512909557602,0.16203671870687403,0.1327920307908322,0.0005784103887019887,False
2019-01-16,0.16880930517294154,0.16408474564566175,0.13750488686924028,0.0047245595272797924,False
2019-01-17,0.1736314572089437,0.17439880410812056,0.1416274151667889,-0.0007673468991768462,False
2019-01-18,0.18245125348189414,0.20993160033307312,0.14796221169713178,-0.027480346851178977,False
2019-01-19,0.19308848597551526,0.216597018412388,0.1541201320204145,-0.02350853243687273,False
2019-01-20,0.20479098168154064,0.207966154438176,0.16000665142480328,-0.0031751727566353694,False
2019-01-21,0.22766024628986423,0.21966962745318475,0.1714315599909971,0.00799061883667948,False
2019-01-22,0.2450856055802156,0.23343748532579037,0.1809584465529773,0.011648120254425243,False
2019-01-23,0.27101925786754344,0.2564185443903073,0.1911401714131093,0.014600713477236127,False
2019-01-24,0.28834739144017496,0.2718463156451898,0.19599102173149263,0.016501075794985165,False
2019-01-25,0.28826291079812205,0.252059502875696,0.19337089889971334,0.036203407922426045,False
2019-01-26,0.27424644697797906,0.2494642058136941,0.18474787528881292,0.024782241164284957,False
2019-01-27,0.262534604737004,0.2574944016341365,0.1782828723560236,0.005040203102867513,False
2019-01-28,0.2546097111247695,0.243950282543647,0.17430781575168072,0.010659428581122482,False
2019-01-29,0.24017870898166693,0.2272777377456976,0.16681710752246695,0.012900971235969338,False
2019-01-30,0.23399014778325122,0.19916542891591818,0.17051966421503165,0.03482471886733304,False
2019-01-31,0.23270149483741717,0.1690850502312246,0.18113072198152122,0.06361644460619256,False
2019-02-01,0.237640535961805,0.1729957574006465,0.18677765543855676,0.06464477856115852,False
2019-02-02,0.24336351081786098,0.18021735936285055,0.19242654886195684,0.06314615145501043,False
2019-02-03,0.23398285268901015,0.1839418682488363,0.19033972149172818,0.05004098444017385,False
2019-02-04,0.2240522063393412,0.18533530684198057,0.1878231807509109,0.038716899497360624,False
2019-02-05,0.22232630757220923,0.1867906128195482,0.18829741178786188,0.03553569475266102,False
2019-02-06,0.20910228339067877,0.21625580959769353,0.18606709287079476,-0.00715352620701476,False
2019-02-07,0.2045984154109057,0.2263256327890284,0.17740694079058816,-0.021727217378122693,False
2019-02-08,0.2003992628992629,0.23050379013247838,0.1748154463326716,-0.030104527233215467,False
2019-02-09,0.19279334770557438,0.23016773570649085,0.1703496111371207,-0.03737438800091647,False
2019-02-10,0.21604844814534443,0.2399034964984501,0.179266162127873,-0.023855048353105673,False
2019-02-11,0.22709404293921984,0.23186046038813002,0.18490430215599238,-0.004766417448910182,False
2019-02-12,0.2565720294426919,0.225918702486561,0.20591955426605266,0.030653326956130905,False
2019-02-13,0.2673716012084592,0.2002713152202054,0.20649755379715073,0.06710028598825382,False
2019-02-14,0.26176825588412794,0.2094117148798298,0.20161142643071786,0.05235654100429815,False
2019-02-15,0.2609155461550083,0.20825799898006303,0.19782337080102474,0.05265754717494525,False
2019-02-16,0.2609219644471226,0.20483625817005643,0.19557128885088085,0.05608570627706619,False
2019-02-17,0.25719915125795695,0.18430366246745236,0.19495179809397087,0.07289548879050459,False
2019-02-18,0.2658208498929991,0.19859648061772323,0.1983825535601137,0.06722436927527586,False
2019-02-19,0.2557160048134777,0.21924111210228867,0.18620585838384296,0.03647489271118906,False
2019-02-20,0.28095095693779903,0.23466832554593725,0.19909645716943927,0.046282631391861784,False
2019-02-21,0.289568345323741,0.24070982432957125,0.2054817578095712,0.048858520994169735,False
2019-02-22,0.2992667963489451,0.23782677937419536,0.21099338024991707,0.06144001697474974,False
2019-02-23,0.3099554234769688,0.23691657071042027,0.2174153619452323,0.07303885276654853,False
2019-02-24,0.3071281900850689,0.24217223259672177,0.21418838121546346,0.06495595748834715,False
2019-02-25,0.3014738070917846,0.2282136550633018,0.21160295103029841,0.07326015202848282,False
2019-02-26,0.2882025761124122,0.20956686762663823,0.2056223067929822,0.07863570848577395,False
2019-02-27,0.25259464990498465,0.19507992431051507,0.18604064276296145,0.05751472559446957,False
2019-02-28,0.2492352512745812,0.1820009443235617,0.1856493078325118,0.0672343069510195,False
2019-03-01,0.25066118131060827,0.193189644773732,0.18476640386961793,0.05747153653687628,False
2019-03-02,0.2542422900988638,0.19494283681098765,0.18676103890029724,0.05929945328787614,False
2019-03-03,0.26818114766189705,0.19293490441824024,0.19449736325233657,0.07524624324365681,False
2019-03-04,0.26910153396639885,0.203649097304813,0.19378500887804426,0.06545243666158584,False
2019-03-05,0.27101175787487297,0.20666071548425205,0.19432505925216162,0.06435104239062092,False
2019-03-06,0.27066145607179043,0.21505177511116866,0.19542400690743622,0.05560968096062177,False
2019-03-07,0.2571510708638781,0.21610255897682876,0.1859309793127803,0.04104851188704936,False
2019-03-08,0.2416011436740529,0.1951323923812056,0.1793665889672314,0.04646875129284728,False
2019-03-09,0.2481772293886708,0.18825414054960665,0.18584501466778,0.05992308883906414,False
2019-03-10,0.23937360178970918,0.18191991001252164,0.18244367793248048,0.05745369177718754,False
2019-03-11,0.2211484593837535,0.17129326740801126,0.17159939642656685,0.04985519197574223,False
2019-03-12,0.2173667090934804,0.17564190324411236,0.17105843034608068,0.04172480584936805,False
2019-03-13,0.22327892122072393,0.17220127554577894,0.17649964573710406,0.051077645674944994,False
2019-03-14,0.24097409032988815,0.16994649302632558,0.18969868980367716,0.07102759730356256,False
2019-03-15,0.25201185938161796,0.17276079975055178,0.19706393690193735,0.07925105963106618,False
2019-03-16,0.23183536329273416,0.17025374881847266,0.18352078232466518,0.0615816144742615,False
2019-03-17,0.20956911024062674,0.16741890076822966,0.1693540042448498,0.04215020947239709,False
2019-03-18,0.19877760800111127,0.16562124154833577,0.1630527523344604,0.033156366452775504,False
2019-03-19,0.18524137931034482,0.1746802477353467,0.1585602667069555,0.010561131574998106,False
2019-03-20,0.1677250138045279,0.18134325627575948,0.1475628161155059,-0.013618242471231584,False
2019-03-21,0.1460378924076891,0.1858249590751634,0.1305778984549216,-0.03978706666747428,False
2019-03-22,0.13429158110882958,0.1842625966895906,0.12131477092727992,-0.04997101558076103,False
2019-03-23,0.12839983432279442,0.18625525418831881,0.11683536325161561,-0.05785541986552439,False
2019-03-24,0.1287251655629139,0.1884950501683922,0.11741820756830466,-0.059769884605478274,False
2019-03-25,0.14115197779319916,0.19013114517675225,0.12565878353981483,-0.048979167383553096,False
2019-03-26,0.14589117157134926,0.1797096666460627,0.12418258226406811,-0.033818495074713434,False
2019-03-27,0.14726643598615918,0.17886067782680656,0.12377505962184736,-0.03159424184064738,False
2019-03-28,0.14287707548486117,0.17952968224172874,0.12400320392135476,-0.03665260675686757,False
2019-03-29,0.13314646110721795,0.17977426745496125,0.12068566153488969,-0.0466278063477433,False
2019-03-30,0.1352187983678064,0.17999147848237426,0.12186874965485385,-0.044772680114567864,False
2019-03-31,0.1377414352178204,0.179638347454777,0.12299003509421319,-0.0418969122369566,False
2019-04-01,0.15836597649692222,0.1900663440124086,0.13173028425838387,-0.03170036751548638,False
2019-04-02,0.15512892376681614,0.1904333008065471,0.13024867903401943,-0.035304377039730966,False
2019-04-03,0.15432439900525008,0.18415205570951612,0.1261186017402612,-0.029827656704266042,False
2019-04-04,0.16030849745214157,0.17948449823371965,0.1287760075574767,-0.01917600078157808,False
2019-04-05,0.16666666666666666,0.18028335987839741,0.13174869127355263,-0.013616693211730757,False
2019-04-06,0.17052865269876508,0.18180531014612553,0.13392083229996443,-0.01127665744736045,False
2019-04-07,0.18516978516978516,0.18693568189034546,0.14361363987178027,-0.001765896720560295,False
2019-04-08,0.1694347522679693,0.18674329662537817,0.1376552778200482,-0.01730854435740886,False
2019-04-09,0.1817800754506078,0.18732417081129143,0.14261881781803434,-0.0055440953606836485,False
2019-04-10,0.19215686274509805,0.18736102305053487,0.15150384026710687,0.004795839694563181,False
2019-04-11,0.19837943559653534,0.18714627545314996,0.1565990429040064,0.011233160143385379,False
2019-04-12,0.2111731843575419,0.18774658843123923,0.1638484225874161,0.023426595926302668,False
2019-04-13,0.22088297126839523,0.18788930472646392,0.1708343359797832,0.03299366654193131,False
2019-04-14,0.2523299485324802,0.1880051901484334,0.19068556967783473,0.0643247583840468,False
2019-04-15,0.2680768699018388,0.18718331562892293,0.1977364178163384,0.08089355427291589,False
2019-04-16,0.2555800496004409,0.1867480008550502,0.19177490702866745,0.0688320487453907,False
2019-04-17,0.24782308223911542,0.18695032851879476,0.1864810690685944,0.060872753720320666,False
2019-04-18,0.2523558758314856,0.18639375303139336,0.1862603579971217,0.06596212280009225,False
2019-04-19,0.27042561926919395,0.1853727039060155,0.198316080228412,0.08505291536317844,False
2019-04-20,0.26164383561643834,0.1848163089936229,0.19253302278657175,0.07682752662281545,False
2019-04-21,0.21256239600665558,0.18509769242882282,0.16202777533011853,0.02746470357783276,False
2019-04-22,0.18849706129303107,0.18426647352291656,0.15023692075280332,0.004230587770114508,False
2019-04-23,0.18939500775631082,0.1847470197343916,0.1510323374614604,0.004647988021919236,False
2019-04-24,0.19153454133635334,0.18454701076817037,0.1526786460092175,0.006987530568182965,False
2019-04-25,0.17182227221597302,0.18474471145420382,0.14260240756272755,-0.012922439238230804,False
2019-04-26,0.15375886524822696,0.185747913685175,0.12896636602745776,-0.031989048436948025,False
2019-04-27,0.15574468085106383,0.18654084543530652,0.13008218956949735,-0.030796164584242697,False
2019-04-28,0.15852456708433058,0.17929945648917778,0.13029749232693985,-0.020774889404847202,False
2019-04-29,0.17072484166080226,0.16644140641894403,0.1380947625453161,0.00428343524185823,False
2019-04-30,0.18213783403656822,0.15741193461377664,0.14421353874918041,0.024725899422791575,False
2019-05-01,0.18337097684923773,0.1561576060024622,0.14461956349153962,0.027213370846775525,False
2019-05-02,0.2160022618037885,0.17417371543698376,0.1577737796398487,0.04182854636680475,False
2019-05-03,0.21597173144876325,0.17147718578106716,0.15868392879135162,0.04449454566769609,False
2019-05-04,0.21331828442437922,0.16809254391119402,0.15741246383135563,0.0452257405131852,False
2019-05-05,0.22749150622876557,0.17044398501650673,0.1659983919726062,0.05704752121225884,False
2019-05-06,0.21971830985915494,0.17027966178109025,0.16025121436249773,0.049438648078064695,False
2019-05-07,0.2173545569798563,0.1707602750074725,0.15884109889339812,0.0465942819723838,False
2019-05-08,0.23690842901148138,0.17171313422280585,0.17227433647981108,0.06519529478867553,False
2019-05-09,0.22493376098173198,0.16053337708201443,0.17042704247727453,0.06440038389971756,False
2019-05-10,0.21376608841634023,0.1612323220374522,0.16480362762704961,0.05253376637888804,False
2019-05-11,0.2216132658797077,0.1634087209473684,0.16967039192940897,0.058204544932339286,False
2019-05-12,0.21603813262301977,0.16874741342823166,0.16610865071422637,0.04729071919478811,False
2019-05-13,0.2225792929998603,0.19185875222653156,0.17186830725047075,0.030720540773328725,False
2019-05-14,0.21468220927005274,0.2130978609201481,0.17259269917008957,0.0015843483499046462,False
2019-05-15,0.19084284339337274,0.22928958475827502,0.1618690308575122,-0.03844674136490228,False
2019-05-16,0.1882336500838457,0.23607986720161123,0.1605868249452117,-0.047846217117765516,False
2019-05-17,0.1878568444506336,0.24447462810259804,0.160222452293105,-0.05661778365196443,False
2019-05-18,0.19447159011587323,0.250395706034806,0.16242953018399273,-0.05592411591893276,False
2019-05-19,0.21209599112220834,0.26457794866225626,0.1701424731601381,-0.05248195754004792,False
2019-05-20,0.2171436510141706,0.257048547074577,0.17100497827383646,-0.039904896060406425,False
2019-05-21,0.23974982626824184,0.24711677773235802,0.17910916235408633,-0.007366951464116173,False
2019-05-22,0.24460330810204653,0.23068741665138473,0.17725397489926986,0.0139158914506618,False
2019-05-23,0.25630310628221203,0.22016691295420138,0.18366642442628586,0.03613619332801066,False
2019-05-24,0.25940785832872165,0.21804648067716942,0.18711790935811762,0.041361377651552234,False
2019-05-25,0.23545706371191136,0.21452180353634182,0.1734671769153004,0.020935260175569542,False
2019-05-26,0.20892959358900973,0.1968668958527754,0.16069508126075857,0.012062697736234335,False
2019-05-27,0.19948223788292824,0.19111540768282742,0.1536084561149599,0.008366830200100817,False
2019-05-28,0.1925133689839572,0.18594992765890977,0.14819874820564946,0.006563441325047437,False
2019-05-29,0.21588125090070615,0.1904785194701142,0.15857846309171814,0.025402731430591935,False
2019-05-30,0.20950478093335237,0.20005312072221496,0.15067085886382445,0.009451660211137414,False
2019-05-31,0.2078221965651609,0.19982577731191156,0.14772945515456123,0.007996419253249343,False
2019-06-01,0.22064108092568635,0.20352742949774655,0.15466009544585416,0.017113651427939802,False
2019-06-02,0.23760445682451253,0.21211169615871822,0.1636872792339406,0.025492760665794312,False
2019-06-03,0.23073730806473924,0.21458899996725098,0.16157417095967333,0.016148308097488268,False
2019-06-04,0.21642817831590533,0.21950135703713913,0.1550606414746061,-0.0030731787212338046,False
2019-06-05,0.21158098396904368,0.21664582976461924,0.15383624690689007,-0.005064845795575562,False
2019-06-06,0.19831165236645448,0.21082671588424892,0.15128826392101322,-0.01251506351779444,False
2019-06-07,0.19980800877674162,0.21420346441976335,0.15291080681573344,-0.01439545564302172,False
2019-06-08,0.21291638341264446,0.2203547040215505,0.16192747429057328,-0.007438320608906035,False
2019-06-09,0.2265677680377613,0.22846020863617575,0.17145295520094475,-0.0018924405984144521,False
2019-06-10,0.2538586515028432,0.23605934287902042,0.18253344904413868,0.017799308623822785,False
2019-06-11,0.26424800324895087,0.23899210773728752,0.18801960899560144,0.02525589551166335,False
2019-06-12,0.2595613800481412,0.24181989193278403,0.18571319506297435,0.017741488115357196,False
2019-06-13,0.273961661341853,0.24274252814235178,0.19128931483481293,0.03121913319950123,False
2019-06-14,0.27109634551495015,0.2408155929419458,0.1891899242216322,0.03028075257300436,False
2019-06-15,0.26201448321263987,0.23646795791439507,0.18299686130396456,0.025546525298244804,False
2019-06-16,0.2626758693920892,0.23158638321025554,0.18101942516516784,0.03108948618183366,False
2019-06-17,0.262050947093403,0.22727350162058868,0.18438627934662594,0.034777445472814306,False
2019-06-18,0.276175630033775,0.22505313063912097,0.18976146575581673,0.05112249939465402,False
2019-06-19,0.29025534132360603,0.22732374722804866,0.193488553497027,0.06293159409555737,False
2019-06-20,0.29492365914132845,0.23352150122202228,0.19443248058563328,0.06140215791930617,False
2019-06-21,0.31294210112653914,0.24230664297065738,0.2033669682391646,0.07063545815588176,False
2019-06-22,0.31337429729376387,0.2461251642207997,0.2053170846259835,0.06724913307296418,False
2019-06-23,0.3067961165048544,0.25071429986441335,0.20083572358108484,0.05608181664044104,False
2019-06-24,0.3019463440294582,0.25231952520955214,0.19614829679721565,0.04962681881990605,False
2019-06-25,0.3,0.25178950215811946,0.1967605248993375,0.04821049784188053,False
2019-06-26,0.28394238463590293,0.24727791891011786,0.19113485561671392,0.03666446572578508,False
2019-06-27,0.26926660455210966,0.24237841086350337,0.1853946320432466,0.026888193688606288,False
2019-06-28,0.26174227217984747,0.237043486738807,0.1810317338334405,0.024698785441040455,False
2019-06-29,0.27504335067360275,0.2305489748425493,0.18623315398935933,0.04449437583105345,False
2019-06-30,0.26973148901545974,0.21715300627623957,0.18638862887989013,0.05257848273922017,False
2019-07-01,0.2548031066902848,0.2048334178598954,0.18028908920296266,0.04996968883038938,False
2019-07-02,0.24208361891706648,0.20127706641545615,0.17120186750458286,0.04080655250161033,False
2019-07-03,0.23666666666666666,0.19889858020814039,0.1690469910608283,0.03776808645852628,False
2019-07-04,0.23100526008182348,0.19020577765834373,0.1657662956334479,0.04079948242347975,False
2019-07-05,0.22592759501276852,0.18084897813826656,0.16221738728426305,0.04507861687450196,False
2019-07-06,0.2167864240941752,0.17816990016983097,0.1565882975005464,0.038616523924344226,False
2019-07-07,0.2224242424242424,0.1766742345694647,0.1590272881620308,0.0457500078547777,False
2019-07-08,0.23981426003594966,0.1864780871883144,0.1677626096213981,0.053336172847635255,False
2019-07-09,0.2295420974889217,0.18735792226960815,0.16484889824693685,0.04218417521931356,False
2019-07-10,0.2277429695468454,0.18873489732087453,0.1621639744350651,0.03900807222597086,False
2019-07-11,0.25104777870913664,0.19417478133298202,0.17466957573714642,0.056872997376154616,False
2019-07-12,0.24864351600651113,0.19400449657483743,0.17497446830514535,0.05463901943167371,False
2019-07-13,0.23658078368223295,0.19315635615753027,0.16946882876413652,0.043424427524702686,False
2019-07-14,0.22055874883037027,0.20287164296810145,0.16207609676209278,0.01768710586226882,False
2019-07-15,0.20788672753738255,0.21006074788578147,0.15849609974816045,-0.0021740203483989196,False
2019-07-16,0.2161768599417527,0.2230045080959336,0.16460383063211148,-0.00682764815418091,False
2019-07-17,0.2357479079497908,0.2327894213378425,0.1706066945045974,0.0029584866119483078,False
2019-07-18,0.24447928916764666,0.2348169555684953,0.17483754708184973,0.009662333599151363,False
2019-07-19,0.2559927045336113,0.24516485978727406,0.18108418491679565,0.010827844746337217,False
2019-07-20,0.27033082904969025,0.2550147923230108,0.18853490569631015,0.015316036726679472,False
2019-07-21,0.28861464968152867,0.26127737659417705,0.19361641377759065,0.02733727308735162,False
2019-07-22,0.29686242960579245,0.2667758513517099,0.19230287002961377,0.030086578254082563,False
2019-07-23,0.3066006158789664,0.27112242164748557,0.19359187835462405,0.03547819423148085,False
2019-07-24,0.28654104979811573,0.2766223060982342,0.19173126274434543,0.00991874369988155,False
2019-07-25,0.2508064516129032,0.2833342912780414,0.176074055501651,-0.03252783966513817,False
2019-07-26,0.2280275415147833,0.2860959711884645,0.16769979971630863,-0.05806842967368123,False
2019-07-27,0.2047854564897741,0.28696291321572337,0.15890556820777985,-0.08217745672594928,False
2019-07-28,0.17994960880519825,0.28135672359137387,0.1518824954501481,-0.10140711478617562,False
2019-07-29,0.1753220879266835,0.28066675455932744,0.15233491531144513,-0.10534466663264394,False
2019-07-30,0.17286914765906364,0.2769675104611177,0.15059414111335487,-0.10409836280205409,False
2019-07-31,0.18382648279555497,0.27655291364670537,0.15090728490034477,-0.0927264308511504,False
2019-08-01,0.21080209592906085,0.28098136690728087,0.1578556760738167,-0.07017927097822002,False
2019-08-02,0.23181454836131096,0.2880467826860632,0.16840359354093937,-0.056232234324752245,False
2019-08-03,0.2399893927340228,0.28356926773873353,0.17023160726419215,-0.04357987500471072,False
2019-08-04,0.25203252032520324,0.27377391989461325,0.1745963539489847,-0.021741399569410014,False
2019-08-05,0.24231536926147704,0.26808954633241494,0.17193062784466057,-0.025774177070937904,False
2019-08-06,0.237735348713869,0.27005573572350855,0.17184971965489296,-0.032320387009639545,False
2019-08-07,0.24592769169646406,0.2750084220693364,0.1724488185418421,-0.029080730372872343,False
2019-08-08,0.24210526315789474,0.27785736101050124,0.17408175915383553,-0.035752097852606496,False
2019-08-09,0.2275,0.26787651827875286,0.164633939761832,-0.040376518278752854,False
2019-08-10,0.22254875768100454,0.2767969638413673,0.16679627784358772,-0.05424820616036277,False
2019-08-11,0.2133243606998654,0.29322292386237486,0.16671468566029773,-0.07989856316250946,False
2019-08-12,0.21466737910766764,0.30910455405681553,0.17423901284208795,-0.09443717494914788,False
2019-08-13,0.21867485973817793,0.3107650867152377,0.17565858207935248,-0.09209022697705979,False
2019-08-14,0.21536624203821655,0.2973874421823017,0.17893320120607142,-0.08202120014408512,False
2019-08-15,0.2065708965150306,0.2827673590585198,0.17517296215362885,-0.07619646254348919,False
2019-08-16,0.21384408602150537,0.28230407791528,0.17732956673032127,-0.06845999189377464,False
2019-08-17,0.22530009233610343,0.2711612559088839,0.17724816828757253,-0.04586116357278047,False
2019-08-18,0.2494764397905759,0.2588578490402543,0.18532952880200437,-0.009381409249678369,False
2019-08-19,0.2635822868473232,0.23811416400704075,0.18105983552794977,0.025468122840282464,False
2019-08-20,0.2740632861114789,0.23013521959878888,0.18362810019536185,0.04392806651269002,False
2019-08-21,0.2683872693233485,0.22265490924929998,0.18014527299290503,0.04573236007404852,False
2019-08-22,0.27242391884676986,0.2145682417639741,0.1846333860292667,0.057855677082795764,False
2019-08-23,0.27254694525257867,0.19963479150291472,0.18625102112941874,0.07291215374966395,False
2019-08-24,0.2599219695950491,0.1911974172916416,0.17887026565175115,0.06872455230340749,False
2019-08-25,0.23306853372828867,0.18242365157727958,0.16379357120391042,0.050644882151009096,False
2019-08-26,0.22259447869203966,0.17436557107071074,0.1608516956329684,0.04822890762132892,False
2019-08-27,0.20269909139497594,0.16570534343645424,0.1562491497730133,0.0369937479585217,False
2019-08-28,0.19193806727175655,0.16159594300570554,0.15120318909276295,0.030342124266051013,False
2019-08-29,0.17369892186876082,0.16066185615603945,0.14051157291803018,0.013037065712721368,False
2019-08-30,0.16325985303941215,0.17156464910025154,0.1348879296510203,-0.008304796060839392,False
2019-08-31,0.16226823656787115,0.1746691114521099,0.13531695048837064,-0.012400874884238744,False
2019-09-01,0.1586274785543524,0.17643085742352288,0.13339166460031007,-0.017803378869170466,False
2019-09-02,0.1562589928057554,0.1828545713924849,0.13277735385687295,-0.026595578586729507,False
2019-09-03,0.16169407655363122,0.17642250745645754,0.1352887279420191,-0.014728430902826328,False
2019-09-04,0.15886753703975356,0.17796167967689494,0.13556757896029586,-0.019094142637141376,False
2019-09-05,0.15261044176706828,0.18898642984895947,0.1351441017062136,-0.036375988081891186,False
2019-09-06,0.15101674641148324,0.1849895225740528,0.1333041941457596,-0.03397277616256955,False
2019-09-07,0.1498738685264876,0.18290080411347917,0.1321131413828845,-0.033026935586991574,False
2019-09-08,0.15600287562904386,0.18521951893803343,0.1353402325505474,-0.02921664330898957,False
2019-09-09,0.14917753828701077,0.18054771840423983,0.13158559701294695,-0.03137018011722906,False
2019-09-10,0.14322178105501984,0.17934041087686514,0.1279361811470528,-0.0361186298218453,False
2019-09-11,0.14619061006466122,0.17734339073086874,0.1270911325703698,-0.031152780666207525,False
2019-09-12,0.16678326570589058,0.1660834980399005,0.13568115287120233,0.0006997676659900864,False
2019-09-13,0.17631505705538547,0.16243845508573915,0.14215894654016414,0.013876601969646324,False
2019-09-14,0.1774148520379676,0.16361007954089937,0.14282608360653398,0.01380477249706824,False
2019-09-15,0.17483296213808464,0.1636885773081378,0.14202223692274235,0.01114438482994684,False
2019-09-16,0.17113860697900737,0.1587437491113684,0.13857424902232998,0.01239485786763897,False
2019-09-17,0.16420818257723352,0.16273782534986977,0.13374293864120643,0.0014703572273637444,False
2019-09-18,0.16404051772650535,0.16367852027110127,0.1353833034696769,0.00036199745540407835,False
2019-09-19,0.15903002960665444,0.17205304246270628,0.13250605915143335,-0.013023012856051841,False
2019-09-20,0.15509160630592245,0.1800067224803123,0.12828199620726655,-0.02491511617438985,False
2019-09-21,0.15491965040879616,0.18595565959865687,0.1295396331504326,-0.031036009189860714,False
2019-09-22,0.1537380550871276,0.19488606980617518,0.13085531092905234,-0.04114801471904758,False
2019-09-23,0.16014035087719297,0.21805727293990496,0.14254065889804238,-0.057916922062711984,False
2019-09-24,0.15646449082504552,0.22894182243926903,0.14511148056664777,-0.07247733161422351,False
2019-09-25,0.14462403373155305,0.23526007574334068,0.13959323117380742,-0.09063604201178763,False
2019-09-26,0.13641456582633052,0.2352601858973959,0.1342963607867508,-0.09884562007106537,False
2019-09-27,0.13448660714285715,0.23538630003771846,0.1347206301800105,-0.10089969289486131,False
2019-09-28,0.14140002794466955,0.2297583172737215,0.13813020556714667,-0.08835828932905196,False
2019-09-29,0.14545964125560537,0.2183596617038556,0.1381813793714231,-0.07290002044825022,False
2019-09-30,0.14091418956814358,0.1954011106534615,0.12780759931915528,-0.05448692108531791,False
2019-10-01,0.1419500493862001,0.1778750679228214,0.12324619654990213,-0.035925018536621306,False
2019-10-02,0.14816354816354815,0.17175755136409485,0.12498323179067185,-0.023594003200546693,False
2019-10-03,0.1468667500347367,0.16612549119072922,0.1243084694380802,-0.01925874115599252,False
2019-10-04,0.14191054665930425,0.15729429915834955,0.11945275708477257,-0.015383752499045306,False
2019-10-05,0.1347940646234919,0.15469044559712544,0.11421169419558713,-0.019896380973633554,False
2019-10-06,0.13352665009665837,0.1536505471924436,0.11284304940578573,-0.020123897095785215,False
2019-10-07,0.13518722466960353,0.15956471099760225,0.11340203324623756,-0.024377486327998715,False
2019-10-08,0.13374066530889342,0.16522979057245515,0.11275219404766475,-0.031489125263561735,False
2019-10-09,0.13653136531365315,0.16454305886691667,0.11398688773838418,-0.028011693553263523,False
2019-10-10,0.15350162866449513,0.16644525315381692,0.12422566155805337,-0.012943624489321792,False
2019-10-11,0.17697664891437936,0.17274472171882146,0.13854498399289303,0.0042319271955579,False
2019-10-12,0.17748326274081158,0.1767971630666581,0.14009247964441116,0.0006860996741534786,False
2019-10-13,0.17385371179039302,0.18291765973404417,0.13987973159018377,-0.009063947943651146,False
2019-10-14,0.16922450088279234,0.19397705645158655,0.14195149385578704,-0.024752555568794216,False
2019-10-15,0.17109385642283068,0.20191685865817088,0.14527003539577,-0.030823002235340208,False
2019-10-16,0.1779199564388783,0.2057372014813527,0.15004445498580196,-0.027817245042474376,False
2019-10-17,0.16682685706439654,0.2199703329558861,0.14138209075402386,-0.05314347589148957,False
2019-10-18,0.13948409990446295,0.2192111289683566,0.1263257069813699,-0.07972702906389365,False
2019-10-19,0.14383280972544735,0.21929312090931333,0.12925360904241198,-0.07546031118386598,False
2019-10-20,0.15742642026009582,0.21903129753366174,0.13440469372446837,-0.06160487727356592,False
2019-10-21,0.18375,0.20890998154362755,0.14549973965500812,-0.025159981543627558,False
2019-10-22,0.19302949061662197,0.19930578777176522,0.14794599330753963,-0.006276297155143246,False
2019-10-23,0.18441521708386366,0.19389376727135305,0.14162696588414475,-0.009478550187489387,False
2019-10-24,0.18707865168539325,0.17637608260169646,0.14549808836524591,0.010702569083696795,False
2019-10-25,0.19880969250389685,0.17051766665804868,0.15220029261974716,0.028292025845848168,False
2019-10-26,0.20011273957158962,0.16559254924096709,0.1521248423981955,0.034520190330622536,False
2019-10-27,0.19965967101531482,0.1587977666341045,0.15315388712870767,0.04086190438121032,False
2019-10-28,0.18224101479915433,0.14906395782510298,0.14371881004443193,0.03317705697405135,False
2019-10-29,0.19225932653346375,0.1451969146514257,0.15213904712565415,0.04706241188203805,False
2019-10-30,0.21941638608305275,0.1464998065809584,0.17009506622497625,0.07291657950209435,False
2019-10-31,0.2296890672016048,0.1465785296905111,0.17737809310712235,0.08311053751109371,False
2019-11-01,0.22418537291817522,0.14554975271728232,0.1736399905251096,0.0786356202008929,False
2019-11-02,0.21745454545454546,0.14541433711471746,0.16830338959865646,0.072040208339828,False
2019-11-03,0.19769949676491733,0.14406427913943104,0.15552652686884855,0.05363521762548629,False
2019-11-04,0.18680057388809182,0.15291845893999045,0.1491445951356702,0.033882114948101366,False
2019-11-05,0.16568302864545847,0.16117987210223797,0.13565094752803036,0.0045031565432205045,False
2019-11-06,0.1345767575322812,0.16481461067317976,0.11676628028259063,-0.030237853140898552,False
2019-11-07,0.12547156629872852,0.17528468336547406,0.11020885147042195,-0.049813117066745544,False
2019-11-08,0.12711747693155212,0.20002043328114913,0.11789235292548013,-0.07290295634959701,False
2019-11-09,0.12815560767002346,0.20281319762040304,0.11895643087247544,-0.07465758995037958,False
2019-11-10,0.13062368605466013,0.20719276143387594,0.12151334055812898,-0.07656907537921581,False
2019-11-11,0.16771312962187807,0.2147200505101322,0.14169324131399688,-0.047006920888254144,False
2019-11-12,0.1895497498610339,0.217900051838632,0.15349072571955816,-0.028350301977598108,False
2019-11-13,0.19440578903423322,0.21892796442179568,0.15672968922486574,-0.02452217538756246,False
2019-11-14,0.1849986006157291,0.24191281260035066,0.1638541607925507,-0.05691421198462157,False
2019-11-15,0.18012073564509337,0.23350989898982005,0.15893675820731418,-0.05338916334472668,False
2019-11-16,0.17742386141380273,0.23612382986079744,0.15777114215991125,-0.05869996844699471,False
2019-11-17,0.17973495306460519,0.23800182625175736,0.15866023771635446,-0.05826687318715218,False
2019-11-18,0.1521103217718345,0.23103561709817666,0.141842985183467,-0.07892529532634215,False
2019-11-19,0.13362129023268776,0.22205912238910236,0.13061643472196507,-0.0884378321564146,False
2019-11-20,0.13247150403113706,0.21393019015381307,0.128989808055358,-0.08145868612267601,False
2019-11-21,0.13327780091628488,0.18369205279603493,0.1176979306298443,-0.050414251879750044,False
2019-11-22,0.13681007054917693,0.1733389879906124,0.11686556440967567,-0.036528917441435466,False
2019-11-23,0.13673919030570092,0.17313352990298225,0.11741391847070949,-0.03639433959728133,False
2019-11-24,0.13304661487236405,0.17169944262565479,0.11538844519150894,-0.038652827753290736,False
2019-11-25,0.12531293463143253,0.1680732817577268,0.1125689672569019,-0.04276034712629426,False
2019-11-26,0.13179800221975582,0.17394604568965322,0.11823706639659272,-0.042148043469897395,False
2019-11-27,0.14528043775649796,0.18247970742167693,0.12666586826071544,-0.037199269665178974,False
2019-11-28,0.14204296361245067,0.17347083781326392,0.12389639631036685,-0.03142787420081325,False
2019-11-29,0.1410100395497414,0.15921064567236026,0.12266088700982068,-0.018200606122618868,False
2019-11-30,0.17343283582089553,0.1572550571691342,0.14188215216192768,0.016177778651761315,False
2019-12-01,0.2164508534432019,0.16976452005390427,0.1642650177728359,0.04668633338929762,False
2019-12-02,0.2507703595011005,0.19369820702626306,0.17940671252782106,0.057072152474837434,False
2019-12-03,0.2566798072711345,0.19667712156700584,0.18280604462723926,0.060002685704128644,False
2019-12-04,0.25589024753951684,0.1913117832113074,0.18316285060671406,0.06457846432820943,False
2019-12-05,0.24908630868709586,0.2023838214113517,0.17930663951195175,0.046702487275744164,False
2019-12-06,0.24623320211755123,0.20796609031691932,0.1766111682003192,0.038267111800631914,False
2019-12-07,0.22225312934631433,0.20722874815767053,0.16099200520874987,0.015024381188643798,False
2019-12-08,0.18728861330326946,0.2012015776174299,0.1451924051464265,-0.013912964314160448,False
2019-12-09,0.17588511303853263,0.17849379703356366,0.1424885987392364,-0.0026086839950310303,False
2019-12-10,0.17261733371724733,0.17025087579779188,0.1388821042918964,0.0023664579194554447,False
2019-12-11,0.17758893849920784,0.16695729125909953,0.142164929269812,0.010631647240108316,False
2019-12-12,0.18454008924715704,0.1610963510785658,0.14667092079184982,0.023443738168591244,False
2019-12-13,0.1936231884057971,0.1637235552296869,0.15233440376686433,0.02989963317611019,False
2019-12-14,0.2045520863729209,0.16552509336945992,0.15974215684648388,0.03902699300346099,False
2019-12-15,0.2099391480730223,0.1645958227443697,0.16112482585852203,0.045343325328652595,False
2019-12-16,0.20994475138121546,0.1623518417322962,0.1636326312370631,0.04759290964891927,False
2019-12-17,0.22393765622702544,0.1592539548593673,0.17396059740807923,0.06468370136765814,False
2019-12-18,0.22052785923753665,0.16104459462598925,0.16989314550513648,0.059483264611547404,False
2019-12-19,0.22796043060808846,0.1721620415455182,0.17300746979291057,0.05579838906257026,False
2019-12-20,0.22413793103448276,0.18547600314942733,0.17214546196497627,0.03866192788505543,False
2019-12-21,0.22223796033994334,0.1905588825361261,0.1702660336976193,0.031679077803817235,False
2019-12-22,0.2368495877168041,0.19621570455560636,0.17813908983240775,0.04063388316119773,False
2019-12-23,0.2398477157360406,0.1977859460714029,0.17926601493423355,0.042061769664637705,False
2019-12-24,0.22051719238420006,0.20483722577936028,0.16703848984315386,0.01567996660483978,False
2019-12-25,0.20403096246531327,0.2051005269721995,0.1576385471540705,-0.0010695645068862225,False
2019-12-26,0.20274053337262413,0.2011744326326248,0.15922262303750015,0.0015661007399993265,False
2019-12-27,0.19918403030744572,0.21334416015169785,0.16271001152766307,-0.014160129844252134,False
2019-12-28,0.21412103746397695,0.21748583278975325,0.16995038584740474,-0.0033647953257762986,False
2019-12-29,0.21348797250859106,0.21856279960248953,0.1707235129392024,-0.005074827093898476,False
2019-12-30,0.21117028933352527,0.21967034297365856,0.16857734559705412,-0.008500053640133287,False
2019-12-31,0.21507856422084476,0.22020430456356305,0.1710171900676589,-0.005125740342718288,False
2020-01-01,0.2189842976375725,0.2329419302932155,0.17634430934896453,-0.01395763265564301,False
2020-01-02,0.21057855927396482,0.2399929691032146,0.17358887529684228,-0.029414409829249782,False
2020-01-03,0.2150782361308677,0.23567676133852605,0.17302181326006577,-0.02059852520765834,False
2020-01-04,0.20799536500579374,0.23009249942959856,0.1705021832713066,-0.022097134423804815,False
2020-01-05,0.18984934912973525,0.219440228389094,0.1594940040301337,-0.029590879259358743,False
2020-01-06,0.16802681433984262,0.22401678937417707,0.14779555547703827,-0.05598997503433445,False
2020-01-07,0.15695515566980864,0.22412089333551324,0.14104217753361223,-0.0671657376657046,False
2020-01-08,0.1531018782014798,0.21569378151114352,0.13561122313593593,-0.06259190330966372,False
2020-01-09,0.14350992431814935,0.20018736760649172,0.12671969300674982,-0.05667744328834237,False
2020-01-10,0.14304328941653396,0.1711256139441571,0.1252048183844678,-0.02808232452762313,False
2020-01-11,0.1516615429658908,0.16297990649027347,0.134989649108342,-0.011318363524382674,False
2020-01-12,0.15868351454598884,0.16933943757547787,0.1384929949471479,-0.010655923029489034,False
2020-01-13,0.16791979949874686,0.17209567411155807,0.14414077720296897,-0.0041758746128112145,False
2020-01-14,0.1729110912875409,0.17229103617971261,0.14809618575465938,0.0006200551078282823,False
2020-01-15,0.1700853421170834,0.16964090402779067,0.14688947878372524,0.0004444380892927313,False
2020-01-16,0.1930921542355218,0.17623438716739734,0.15998153158093778,0.016857767068124474,False
2020-01-17,0.19991173874669022,0.20716313489680638,0.16777903932015076,-0.007251396150116163,False
2020-01-18,0.18738898756660746,0.21421497723704125,0.15564990507899668,-0.026825989670433786,False
2020-01-19,0.17666566174253845,0.20598941902367313,0.14975717567679264,-0.029323757281134677,False
2020-01-20,0.16380090497737557,0.21765790273217756,0.14784082153275024,-0.05385699775480199,False
2020-01-21,0.1593637454981993,0.22940206149931697,0.14873893784059466,-0.07003831600111768,False
2020-01-22,0.15916903302944255,0.2522396470618112,0.15668088304302813,-0.09307061403236863,False
2020-01-23,0.14217656691975583,0.26851350735541196,0.15494754674573888,-0.12633694043565613,False
2020-01-24,0.12689138576779027,0.24823847771932153,0.14214915546386517,-0.12134709195153126,False
2020-01-25,0.11348907309721176,0.2453854509803034,0.13495327410902305,-0.13189637788309164,False
2020-01-26,0.1111111111111111,0.25289882230507593,0.13501762504542114,-0.14178771119396483,False
2020-01-27,0.11697782963827305,0.24126336551505662,0.13294922927080338,-0.12428553587678356,False
2020-01-28,0.11636735289823331,0.226077616701952,0.12765343271449386,-0.10971026380371869,False
2020-01-29,0.11374819102749638,0.19849167812594518,0.11659355200042489,-0.0847434870984488,False
2020-01-30,0.10876528829353524,0.1673031516000269,0.10533272555281692,-0.05853786330649166,False
2020-01-31,0.10593035115838555,0.14925937843934686,0.102031043435214,-0.043329027280961316,False
2020-02-01,0.10415761263218891,0.15713555757847886,0.10327185663598529,-0.05297794494628995,False
2020-02-02,0.10432607416127133,0.16016316305012557,0.1058839251921876,-0.05583708888885423,False
2020-02-03,0.10150709219858156,0.15898756140120937,0.10459442859252403,-0.05748046920262781,False
2020-02-04,0.10045797015807358,0.15864757835523505,0.10428723656518044,-0.05818960819716147,False
2020-02-05,0.11076280041797283,0.18684871769409472,0.12056077092597413,-0.07608591727612189,False
2020-02-06,0.1605992509363296,0.1984851036720323,0.1530807529183958,-0.03788585273570269,False
2020-02-07,0.20113908872901679,0.22580663796004619,0.17589496364904833,-0.0246675492310294,False
2020-02-08,0.2041947565543071,0.225198350541594,0.1781629681640036,-0.021003593987286906,False
2020-02-09,0.22177658942364825,0.23390081828335046,0.1845405615743742,-0.012124228859702213,False
2020-02-10,0.2279630732578916,0.22702781023344915,0.1860753685002932,0.0009352630244424676,False
2020-02-11,0.2310992750406865,0.2216730218670232,0.18713477370389928,0.009426253173663302,False
2020-02-12,0.23243243243243245,0.19585088611648363,0.1794357436857055,0.036581546315948815,False
2020-02-13,0.22658522396742292,0.20417612469231067,0.17418722569296827,0.022409099275112254,False
2020-02-14,0.19048999710060888,0.20260034713240163,0.15593275399745823,-0.012110350031792755,False
2020-02-15,0.1860264519838988,0.19847508138652187,0.1510205599337092,-0.012448629402623063,False
2020-02-16,0.16765772298767223,0.17994202667695508,0.13977344255510957,-0.01228430368928285,False
2020-02-17,0.16303412675652423,0.19597226667629045,0.14193717080146032,-0.03293813991976621,False
2020-02-18,0.16817074917633576,0.21576741255388418,0.15037948409564378,-0.04759666337754842,False
2020-02-19,0.1593516924842226,0.2323520683350434,0.14872458965214833,-0.07300037585082081,False
2020-02-20,0.12480521320300327,0.24017251530432795,0.13156339838398945,-0.11536730210132469,False
2020-02-21,0.1191447460964974,0.23756449653317724,0.12885831126749053,-0.11841975043667984,False
2020-02-22,0.12069692286075594,0.23787716054142774,0.13016425577704493,-0.1171802376806718,False
2020-02-23,0.12001101018442059,0.2425064242849219,0.13076353560634438,-0.1224954141005013,False
2020-02-24,0.11685639829927308,0.2262797644378314,0.12382407186680536,-0.10942336613855833,False
2020-02-25,0.11103542234332425,0.20967452081917617,0.11545173679407417,-0.09863909847585192,False
2020-02-26,0.12460675694159486,0.19597286580716508,0.12113647972751537,-0.07136610886557022,False
2020-02-27,0.12443032730285872,0.18107399138404895,0.1179749736526981,-0.05664366408119023,False
2020-02-28,0.1228872263784982,0.18195136068844245,0.11823748762980761,-0.059064134309944255,False
2020-02-29,0.1231410701876303,0.18631206872147266,0.11988695873166547,-0.06317099853384235,False
2020-03-01,0.12617280492928162,0.1838093971962648,0.12043232805202281,-0.05763659226698317,False
2020-03-02,0.12620260328239954,0.1940941982995211,0.12342595057260798,-0.06789159501712155,False
2020-03-03,0.12342677345537757,0.196869499634998,0.12202860910405597,-0.07344272617962043,False
2020-03-04,0.1181046676096181,0.2052640077551804,0.11970952939014827,-0.08715934014556229,False
2020-03-05,0.11154708520179372,0.20573932512710097,0.11685604410869153,-0.09419223992530724,False
2020-03-06,0.11310945623155824,0.19567033747857554,0.1125225868994786,-0.0825608812470173,False
2020-03-07,0.10890535439675661,0.1857472582382199,0.10668443549471136,-0.07684190384146328,False
2020-03-08,0.10375122019244178,0.1806895732100358,0.10307209080672362,-0.07693835301759401,False
2020-03-09,0.09915407017057273,0.1713373050848667,0.09718625597428744,-0.07218323491429396,False
2020-03-10,0.10157858613589568,0.17712661539903893,0.09975394150010615,-0.07554802926314325,False
2020-03-11,0.0931190770498558,0.17387251526299444,0.09451941900792618,-0.08075343821313864,False
2020-03-12,0.09619320507572657,0.17276580370569325,0.09586185624111372,-0.07657259862996668,False
2020-03-13,0.11794871794871795,0.1750308379847728,0.10996456372096293,-0.05708212003605487,False
2020-03-14,0.12621877921731,0.172679662950977,0.1160001571736101,-0.046460883733667,False
2020-03-15,0.13223579394583113,0.16848095756453327,0.11971215451422565,-0.03624516361870214,False
2020-03-16,0.13358879492600423,0.16753500463962015,0.12115001865962909,-0.03394620971361592,False
2020-03-17,0.1346280015745965,0.175789214425781,0.12609229712756215,-0.04116121285118449,False
2020-03-18,0.14742335290280495,0.18183172761516125,0.13628070593453342,-0.034408374712356304,False
2020-03-19,0.1733701366982124,0.18653124263592438,0.15302026964421198,-0.01316110593771197,False
2020-03-20,0.18006304176516943,0.18518171111754372,0.16148063022172454,-0.005118669352374289,False
2020-03-21,0.2040547656661401,0.18690440262291036,0.1791077535304273,0.017150363043229727,False
2020-03-22,0.23653795639611241,0.18901099998804774,0.20369512176647023,0.047526956408064674,False
2020-03-23,0.28625803911274444,0.18997860485463194,0.23811219057214827,0.0962794342581125,False
2020-03-24,0.33074799526751675,0.17869050823435395,0.26271527883107776,0.1520574870331628,False
2020-03-25,0.3740376957791346,0.18029351371732164,0.284743764842041,0.19374418206181296,True
2020-03-26,0.40672947510094215,0.18003586652755535,0.3046980823922349,0.2266936085733868,True
2020-03-27,0.44274182514707894,0.18002128444601448,0.3269875714147666,0.26272054070106443,True
2020-03-28,0.46401644962302946,0.17972926911995005,0.3431643342270583,0.28428718050307944,True
2020-03-29,0.489908764169201,0.17964332975826539,0.3602981188927632,0.31026543441093557,True
2020-03-30,0.5117149591016221,0.1794987882446607,0.3748501925412108,0.3322161708569614,True
2020-03-31,0.527648796960743,0.1794314151789493,0.38525550495201233,0.3482173817817936,True
2020-04-01,0.5273228004058559,0.16889309822382362,0.3893777364058316,0.3584297021820323,True
2020-04-02,0.5253531598513012,0.16283171606696942,0.39157976972563946,0.3625214437843317,True
2020-04-03,0.5202463433410316,0.16389146991029147,0.38683061738901486,0.3563548734307401,True
2020-04-04,0.5162582091942977,0.16696347507823753,0.38226737220637835,0.34929473411606016,True
2020-04-05,0.5129368279569892,0.17181498133627923,0.37711919865776705,0.34112184662071,True
2020-04-06,0.507049794752811,0.17994467668585118,0.36647466246477767,0.3271051180669598,True
2020-04-07,0.4994333207404609,0.18042128664233845,0.36054964799678835,0.3190120340981224,True
2020-04-08,0.49532524368410585,0.18108030066556988,0.3568876497721808,0.314244943018536,True
2020-04-09,0.481821980777267,0.18218001792892505,0.34521253375064254,0.299641962848342,True
2020-04-10,0.4709552495697074,0.18222402773248586,0.3383812399567838,0.28873122183722155,True
2020-04-11,0.47038019451812557,0.18373718005087994,0.33545468176339777,0.2866430144672456,True
2020-04-12,0.4601811005340144,0.18501706159843506,0.3289925746550334,0.27516403893557934,True
2020-04-13,0.44072727272727275,0.18192417724062138,0.3193368196670101,0.25880309548665137,True
2020-04-14,0.4229381443298969,0.18070902855473797,0.3079462084585291,0.24222911577515893,True
2020-04-15,0.4183214191157003,0.18001637376998827,0.30508085060946777,0.23830504534571204,True
2020-04-16,0.42194787379972565,0.1797903739990289,0.3079428916043259,0.24215749980069676,True
2020-04-17,0.4182565306721456,0.17638124005673303,0.30594539853910574,0.24187529061541255,True
2020-04-18,0.40417690417690416,0.17652495914378924,0.29706747462333305,0.22765194503311492,True
2020-04-19,0.40561224489795916,0.17503833919767744,0.29571228203486694,0.23057390570028172,True
2020-04-20,0.40521564694082246,0.17184900337301726,0.2957803134412872,0.2333666435678052,True
2020-04-21,0.4150304671631686,0.1726411019712247,0.30152108381187837,0.2423893651919439,True
2020-04-22,0.41986846659743854,0.17221861731897822,0.30443328045956564,0.24764984927846032,True
2020-04-23,0.41205673758865247,0.17286211286295916,0.2994990664386272,0.2391946247256933,True
2020-04-24,0.4101731601731602,0.17430558930278875,0.29773573207769727,0.23586757087037144,True
2020-04-25,0.4154748808214155,0.17377505774209553,0.30179470265884084,0.24169982307931995,True
2020-04-26,0.40424739195230996,0.1687750551618831,0.2968039565981502,0.23547233679042687,True
2020-04-27,0.40074074074074073,0.15569479509930087,0.30166870428915155,0.24504594564143986,True
2020-04-28,0.40363906424062385,0.14667156279852808,0.30769119339589035,0.2569675014420958,True
2020-04-29,0.3979668674698795,0.14526863159790757,0.3039761213586743,0.25269823587197193,True
2020-04-30,0.3952205882352941,0.14907192088210142,0.30075373692800417,0.24614866735319268,True
2020-05-01,0.3903332112779202,0.14881553278140777,0.2965145378989978,0.24151767849651243,True
2020-05-02,0.3789868667917448,0.14720718124606808,0.2888957556313413,0.23177968554567674,True
2020-05-03,0.3523773006134969,0.14871821849798428,0.270284894463157,0.20365908211551265,True
2020-05-04,0.31448054552747695,0.15089192826977454,0.24133791588956008,0.1635886172577024,True
2020-05-05,0.27025880356385235,0.15256786388862129,0.20756300280265896,0.11769093967523106,False
2020-05-06,0.2267080745341615,0.15341265390847236,0.1795738353139079,0.07329542062568914,False
2020-05-07,0.18242597898758356,0.1514936058042517,0.15193740195099556,0.030932373183331863,False
2020-05-08,0.14343231001509812,0.1482510220521803,0.12919671796807033,-0.0048187120370821734,False
2020-05-09,0.1218014329580348,0.15151240855940334,0.11303790688816459,-0.02971097560136854,False
2020-05-10,0.1165644171779141,0.15534604123314774,0.10998742815335673,-0.03878162405523364,False
2020-05-11,0.10483460559796437,0.1807295266254118,0.11230859840995275,-0.07589492102744744,False
2020-05-12,0.10213414634146341,0.19618434477840554,0.11707930719312601,-0.09405019843694214,False
2020-05-13,0.1006066734074823,0.20997260091718092,0.12127922908345116,-0.10936592750969862,False
2020-05-14,0.09384309831181728,0.21824125061503602,0.11972345505229136,-0.12439815230321874,False
2020-05-15,0.08394338701805759,0.22668306390558676,0.11516178778971582,-0.14273967688752917,False
2020-05-16,0.07666015625,0.23201698749159208,0.11154231504709067,-0.15535683124159208,False
2020-05-17,0.07518427518427519,0.24569384365310223,0.11635758425268147,-0.17050956846882703,True
2020-05-18,0.07749259624876605,0.23641202370376513,0.11145004478638107,-0.1589194274549991,True
2020-05-19,0.08117529880478087,0.23132590189971822,0.11048958734773323,-0.15015060309493733,False
2020-05-20,0.08504252126063032,0.2179520042602613,0.10682421806348476,-0.13290948299963096,False
2020-05-21,0.08144796380090498,0.20898021384757276,0.10117693051077027,-0.1275322500466678,False
2020-05-22,0.07983830217281455,0.20537076304935994,0.09922194845990329,-0.1255324608765454,False
2020-05-23,0.08193484698914116,0.20176692152758,0.09847207972612501,-0.11983207453843883,False
2020-05-24,0.0869140625,0.18649790678148104,0.0948502229108959,-0.09958384428148104,False
2020-05-25,0.08463035019455253,0.18242130777777454,0.09216585756824888,-0.09779095758322201,False
2020-05-26,0.08281474389660125,0.1790964754071531,0.08939256846191622,-0.09628173151055185,False
2020-05-27,0.08428571428571428,0.18085163077143898,0.09102478394201531,-0.0965659164857247,False
2020-05-28,0.08325219084712755,0.18794689953324967,0.0939184076639244,-0.10469470868612211,False
2020-05-29,0.08175182481751825,0.1873271292622019,0.0925956366087505,-0.10557530444468366,False
2020-05-30,0.0851063829787234,0.18953145358671297,0.09481380380949131,-0.10442507060798957,False
2020-05-31,0.08074222668004012,0.19719005583746282,0.09359062582338136,-0.1164478291574227,False
2020-06-01,0.07653319817536747,0.1982023483246766,0.09187144658721398,-0.12166915014930912,False
2020-06-02,0.07346938775510205,0.19993760686388956,0.09123253351866417,-0.12646821910878753,False
2020-06-03,0.07028112449799197,0.19899892808363198,0.08933605681971213,-0.12871780358564,False
2020-06-04,0.07476635514018691,0.19463832843854176,0.09029193367494819,-0.11987197329835485,False
2020-06-05,0.07623106060606061,0.2030377732574095,0.09517015862298663,-0.12680671265134888,False
2020-06-06,0.07320441988950276,0.2094978171115896,0.09554347310930598,-0.13629339722208683,False
2020-06-07,0.0692410119840213,0.21957800418403328,0.10181943466390446,-0.15033699220001198,False
2020-06-08,0.06766595289079229,0.22870166834314148,0.10568524958733835,-0.16103571545234918,True
2020-06-09,0.07080383173677635,0.2321122358216154,0.10748698505955258,-0.16130840408483904,True
2020-06-10,0.06773399014778325,0.23451304441107945,0.1061136494493815,-0.1667790542632962,True
2020-06-11,0.06295108259823577,0.23402336987173467,0.10169374180930889,-0.17107228727349888,True
2020-06-12,0.06076048608388867,0.23111076657276264,0.09996971710293975,-0.17035028048887396,True
2020-06-13,0.058663558663558664,0.22668102103004129,0.09827893359401876,-0.16801746236648263,True
2020-06-14,0.05707674508291554,0.22409726077820413,0.09528212002155594,-0.16702051569528858,True
2020-06-15,0.056792018419033,0.21886613912456718,0.09139032917387226,-0.16207412070553417,True
2020-06-16,0.05141776937618148,0.21553523874516525,0.08834525680628315,-0.16411746936898378,True
2020-06-17,0.05089251804025826,0.2160583786512468,0.08810665775873039,-0.16516586061098854,True
2020-06-18,0.04929051530993279,0.21840052241484126,0.08929043717311343,-0.16911000710490848,True
2020-06-19,0.05241009946442234,0.22288519027299314,0.09266572166093152,-0.1704750908085708,True
2020-06-20,0.0549618320610687,0.22825414807296268,0.09489013835971408,-0.173292316011894,True
2020-06-21,0.06671749904689286,0.23591961771605122,0.10411831761122783,-0.16920211866915835,True
2020-06-22,0.0853932584269663,0.24029733847817583,0.11171454505873664,-0.15490408005120954,False
2020-06-23,0.09518434913468773,0.24261626681115891,0.11863281802926223,-0.14743191767647118,False
2020-06-24,0.09765188222139397,0.23854492563362636,0.11882697055070124,-0.1408930434122324,False
2020-06-25,0.09884371503170458,0.23753603220395567,0.11900053426366865,-0.13869231717225108,False
2020-06-26,0.09863317325452531,0.23027941301614308,0.1135949102215617,-0.13164623976161777,False
2020-06-27,0.09778262450018176,0.22456902140248694,0.11137490362880573,-0.1267863969023052,False
2020-06-28,0.09390503189227498,0.20826045974536136,0.10190097423084025,-0.11435542785308639,False
2020-06-29,0.08583539385376192,0.20230192759171223,0.09831190684528454,-0.11646653373795031,False
2020-06-30,0.08023826208829712,0.1968727129592769,0.09252068378097185,-0.11663445087097979,False
