day,model,rows,sum_sq,brier,auc
2019-01-01,v1,18009,2974.987776576484,0.16519450144796957,0.648128327334925
2019-01-02,v1,20384,3726.445430557859,0.18281227583192008,0.6649921316651108
2019-01-03,v1,19522,3481.9371751193703,0.17835965449848223,0.5516209413680935
2019-01-04,v1,19566,3374.910170276085,0.1724885091626334,0.5775979199409262
2019-01-05,v1,16807,2263.1159253027013,0.1346531757781104,0.6510164931019495
2019-01-06,v1,19448,3098.8769198157506,0.1593416762554376,0.6665057059390969
2019-01-07,v1,20015,2787.9461209325573,0.13929283641931337,0.596677269652097
2019-01-08,v1,18815,1906.6381030994644,0.10133606713257849,0.6770114502882288
2019-01-09,v1,19236,1783.3625506264345,0.0927096356116882,0.7224103788726651
2019-01-10,v1,19980,2404.307022536056,0.12033568681361642,0.7057512125086116
2019-01-11,v1,20082,2851.288412695016,0.14198229323249756,0.6413012293100284
2019-01-12,v1,15315,2195.4951104666693,0.1433558674806836,0.5976988073031118
2019-01-13,v1,18561,3080.1931529841177,0.16594974155401743,0.5522067965909707
2019-01-14,v1,19941,2721.203623553064,0.13646274627917676,0.644291283308472
2019-01-15,v1,18653,2464.497741100256,0.13212339790383618,0.6750357157997765
2019-01-16,v1,19099,2256.9181889207675,0.1181694428462625,0.6525661645872962
2019-01-17,v1,19960,3180.333600215469,0.15933535071219784,0.6457628619707717
2019-01-18,v1,20009,3779.1522068445715,0.18887261766427968,0.6387241585393422
2019-01-19,v1,14935,3081.126939184822,0.20630243985167873,0.6361967785670842
2019-01-20,v1,16875,3301.987042408843,0.19567330621682033,0.671812473908612
2019-01-21,v1,19511,3971.7750058179736,0.20356593746184068,0.6133286040005367
2019-01-22,v1,18657,3539.256799151226,0.18970128097503489,0.6493767861254225
2019-01-23,v1,19099,3702.2451105142563,0.1938449714914004,0.6717873570565536
2019-01-24,v1,19963,3881.334601447102,0.1944264189474078,0.6951643187933179
2019-01-25,v1,20041,3393.2050252491204,0.16931315928591992,0.6606817523405094
2019-01-26,v1,15267,1837.0900238205024,0.1203307803642171,0.6014408078821405
2019-01-27,v1,18575,2920.0414702608823,0.15720277094271237,0.6205720645014763
2019-01-28,v1,19934,3515.481463422022,0.17635604812992986,0.6327627877272674
2019-01-29,v1,18662,2924.7747950435332,0.15672354490641588,0.6441917478987855
2019-01-30,v1,19102,4358.612590522465,0.2281757193237601,0.6692872337004983
2019-01-31,v1,19962,4588.519331454298,0.22986270571357068,0.6271663496209923
2019-02-01,v1,20045,3904.05099178044,0.1947643298468666,0.6259786216746602
2019-02-02,v1,14965,2402.2793021744133,0.16052651534743825,0.5071721452211433
2019-02-03,v1,16850,2298.374009377691,0.13640201836069382,0.5662588327042428
2019-02-04,v1,19977,3144.4592898827777,0.15740397907006948,0.5239010968002272
2019-02-05,v1,18663,2541.154980871132,0.13616004827043518,0.5727923671710381
2019-02-06,v1,19123,3998.237317910226,0.20908002499138345,0.5137541087686797
2019-02-07,v1,19976,4018.5458491780264,0.20116869489277264,0.6188724729042969
2019-02-08,v1,20051,3846.518401543719,0.19183673639936755,0.6217330696320092
2019-02-09,v1,15291,2259.5817979930107,0.1477720095476431,0.5158642730434201
2019-02-10,v1,18610,3697.025737648453,0.19865801921807913,0.6328987088883347
2019-02-11,v1,19993,4085.9837800062514,0.20437071875187574,0.595904068783731
2019-02-12,v1,18709,5818.387715549079,0.310994051822603,0.5681284016880622
2019-02-13,v1,19330,4240.687099874763,0.21938370925373837,0.6543746985260747
2019-02-14,v1,20416,3617.7439982535716,0.17720141057276506,0.6538263911246021
2019-02-15,v1,20561,3505.027830738093,0.17046971600301994,0.6457996386762948
2019-02-16,v1,15883,2202.2675060246384,0.13865563848294643,0.6262171030967767
2019-02-17,v1,17794,3604.5817011553722,0.20257287294342882,0.6416945898006224
2019-02-18,v1,20276,4402.959408116114,0.21715128270448383,0.6011719860109914
2019-02-19,v1,19741,3873.032256945379,0.196192303173364,0.6274806171919023
2019-02-20,v1,20037,5904.590230732258,0.2946843454974426,0.5686302755559074
2019-02-21,v1,20480,4471.269147558806,0.21832368884564485,0.5759317468149961
2019-02-22,v1,20531,4169.711002065104,0.20309341980736956,0.630979680882481
2019-02-23,v1,16264,2918.76846802384,0.17946190777323168,0.6517865769277918
2019-02-24,v1,19269,3464.4118210541055,0.1797919882222277,0.66598738072
2019-02-25,v1,20485,4316.127665980179,0.21069698149768995,0.6483242664928492
2019-02-26,v1,19773,3393.5087002260925,0.17162336014899573,0.6261471280553688
2019-02-27,v1,19536,3232.014467467358,0.1654389059923914,0.6322496815909617
2019-02-28,v1,20546,4167.288497145257,0.20282724117323356,0.5888984078589442
2019-03-01,v1,20580,4102.585963525375,0.19934820036566447,0.6635606892793495
2019-03-02,v1,16889,3517.9701916843715,0.2082994962214679,0.6236657260418106
2019-03-03,v1,19802,4490.0869852939595,0.22674916600817896,0.6652447495210598
2019-03-04,v1,20880,4129.806620741867,0.19778767340717754,0.597799594945605
2019-03-05,v1,20120,3112.136160041776,0.15467873558855744,0.6252011414816295
2019-03-06,v1,20464,3285.826612888458,0.16056619492222723,0.6028925551114974
2019-03-07,v1,21174,3239.144528676942,0.15297745011225758,0.6064656861801141
2019-03-08,v1,21351,3441.041431671827,0.16116535205244845,0.6234813617143637
2019-03-09,v1,17867,4585.135085283536,0.2566259072750622,0.6189046889227595
2019-03-10,v1,20537,4354.987998646093,0.21205570427258572,0.6697796683324878
2019-03-11,v1,21350,2800.265917924641,0.1311599961557209,0.600116442161373
2019-03-12,v1,20696,3219.421205528667,0.15555765392001678,0.5523725145268035
2019-03-13,v1,20963,4630.563799033937,0.22089222911958867,0.4528425073713177
2019-03-14,v1,21410,4877.6942734895765,0.22782317951842954,0.5369359424825517
2019-03-15,v1,21459,3798.181043096424,0.17699711277768881,0.6386202001437526
2019-03-16,v1,17973,2435.040937891186,0.1354832770205968,0.581010102493993
2019-03-17,v1,20598,2296.942541196852,0.11151289160097348,0.614918340336813
2019-03-18,v1,21339,2062.790066138362,0.09666760701712179,0.5481912202121532
2019-03-19,v1,20698,2765.1006812379405,0.1335926505574423,0.5719506952154192
2019-03-20,v1,20947,2775.9749717312234,0.1325237490681827,0.5914725920681076
2019-03-21,v1,21320,2669.2318932968083,0.12519849405707356,0.6974987247953562
2019-03-22,v1,21356,3086.012085461215,0.14450328176911478,0.7193398069250025
2019-03-23,v1,17885,1941.5283258670422,0.10855623851646867,0.5896806840381674
2019-03-24,v1,20507,2324.94313606364,0.11337314751370946,0.6176663205875388
2019-03-25,v1,21305,3031.6252321053503,0.14229642018800048,0.587157892185889
2019-03-26,v1,20676,2392.2355292167204,0.11570107995824726,0.6002190263094422
2019-03-27,v1,20923,2774.2338850937185,0.1325925481572298,0.6201754858217015
2019-03-28,v1,21314,2471.941537091756,0.1159773640373349,0.6222046444238367
2019-03-29,v1,21348,2484.424193044627,0.11637737460392669,0.6130657960665397
2019-03-30,v1,17881,1831.374388042408,0.10242013243344378,0.5726690710537278
2019-03-31,v1,20462,2624.4034035789086,0.1282574236916679,0.6188993722097559
2019-04-01,v1,21266,4291.259574559923,0.20178969127056912,0.6246488565657984
2019-04-02,v1,20527,2260.7560151753896,0.11013572442029472,0.5924413346831591
2019-04-03,v1,20842,2126.075127781508,0.10200917031865982,0.7150222440044384
2019-04-04,v1,21355,3072.6909334518405,0.1438862530298216,0.6291523738460011
2019-04-05,v1,21410,2758.0621020634962,0.12882120981146644,0.6472216533654793
2019-04-06,v1,17523,2450.957712776653,0.13987089612376036,0.6481343894783091
2019-04-07,v1,20412,3822.1141456679125,0.18724839044032493,0.6084582799029437
2019-04-08,v1,21324,3580.6175141273507,0.1679149087472965,0.6167579350339696
2019-04-09,v1,20497,3038.5931928937844,0.1482457526903344,0.6749280008132229
2019-04-10,v1,20779,3175.901060933633,0.15284186250222018,0.6122642197954561
2019-04-11,v1,21326,3650.4232880451214,0.17117243215066685,0.5653000993782894
2019-04-12,v1,21363,3911.861518467993,0.18311386595833887,0.6684780398335393
2019-04-13,v1,17060,3417.4671252134776,0.20032046454944183,0.6058667061611375
2019-04-14,v1,20410,6231.669696088347,0.3053243359180964,0.6320083516117012
2019-04-15,v1,21351,4135.727562475248,0.193701820171198,0.6568807623705059
2019-04-16,v1,20465,2111.2857303284645,0.10316568435516563,0.6230844900780997
2019-04-17,v1,20793,2538.883984570635,0.1221028223234086,0.610802465143099
2019-04-18,v1,21344,3884.8951084201144,0.18201345148145215,0.6298813199220368
2019-04-19,v1,21357,5607.781777651484,0.26257347837484124,0.6186786430919928
2019-04-20,v1,16645,2566.059088621298,0.15416395846328015,0.5662629098607131
2019-04-21,v1,19738,2165.2830024559207,0.10970123631856929,0.6136272853757456
2019-04-22,v1,21342,2838.6603749017504,0.1330081705042522,0.6805561672145035
2019-04-23,v1,20462,2252.7838349837293,0.11009597473285744,0.6230897814037049
2019-04-24,v1,20736,2679.985816361578,0.12924314315015326,0.5690004969215142
2019-04-25,v1,21312,2360.7083914134078,0.11076897482232581,0.5808083046347918
2019-04-26,v1,21343,3651.8904234775864,0.17110483172363708,0.7394995950294088
2019-04-27,v1,16948,2424.8027622739337,0.1430730919444143,0.604855631127125
2019-04-28,v1,20376,2318.443325554151,0.11378304503112247,0.6366882610341331
2019-04-29,v1,21292,3691.475968651296,0.17337384786075974,0.6327405660084323
2019-04-30,v1,20425,3356.6076666286726,0.1643381966525666,0.6716693472811526
2019-05-01,v1,20715,2759.774434578515,0.13322589594875767,0.6306684629937511
2019-05-02,v1,21281,4222.050983311702,0.1983953283826748,0.718022576299073
2019-05-03,v1,21454,4149.738835109865,0.19342494803346066,0.702118028541398
2019-05-04,v1,17151,2578.979135989808,0.15036902431285687,0.602790074080269
2019-05-05,v1,20588,3448.0928327272222,0.1674807087977085,0.7201614354571322
2019-05-06,v1,21525,3112.191704024462,0.14458498044248372,0.6324849329035581
2019-05-07,v1,20699,3075.77514106773,0.14859534958537757,0.6303209626675035
2019-05-08,v1,20968,4469.406187646518,0.21315367167333643,0.5573201201244096
2019-05-09,v1,21501,4001.9010927727873,0.18612627751140817,0.623733171271404
2019-05-10,v1,21578,3473.4983517313026,0.16097406394157487,0.6314845167424769
2019-05-11,v1,16886,3019.7831081451395,0.17883353713994668,0.6070637649130071
2019-05-12,v1,20166,2997.8800330570684,0.14866012263498307,0.6593048988057505
2019-05-13,v1,21572,3868.5551266629973,0.17933224210379184,0.6524765507642994
2019-05-14,v1,20748,3047.2285184689827,0.14686854243633038,0.6386429037022612
2019-05-15,v1,21087,3248.1091002742232,0.15403372221151532,0.6221479331742568
2019-05-16,v1,21608,3537.188302861247,0.16369808880327874,0.6645329353494385
2019-05-17,v1,21660,3200.430307636633,0.14775763193151584,0.667209661325211
2019-05-18,v1,17283,3536.93891181476,0.20464843556180987,0.6746547543340319
2019-05-19,v1,20700,4044.0511401223807,0.1953647893778928,0.6995061043750613
2019-05-20,v1,21649,3934.747433599896,0.18175192542842145,0.6410519336366794
2019-05-21,v1,20841,4160.083081263874,0.1996105312251751,0.5916362355687307
2019-05-22,v1,21215,2843.9186227820255,0.1340522565534775,0.612061339677041
2019-05-23,v1,21680,4869.349054696306,0.22460097115757868,0.647236880903611
2019-05-24,v1,21725,3715.8820660272886,0.17104175217616976,0.6237407350589724
2019-05-25,v1,16670,1552.599324440166,0.09313733200000995,0.6157716657379753
2019-05-26,v1,17301,1996.7789527026362,0.11541407737718258,0.6877772727687677
2019-05-27,v1,20565,2816.3562064374323,0.13694900104242316,0.7163020715943595
2019-05-28,v1,20980,3736.917254362572,0.17811807694769166,0.6860834607296237
2019-05-29,v1,21193,4434.519232804706,0.2092445256832306,0.7067892829104945
2019-05-30,v1,21684,3614.3702086957137,0.16668373956353597,0.7153600182529909
2019-05-31,v1,21717,3068.286060969356,0.14128498692127625,0.6779413891602487
2019-06-01,v1,17404,2617.7718663501164,0.15041208149563987,0.6962394378767989
2019-06-02,v1,20782,3467.197243895031,0.16683655297348818,0.7162180871144942
2019-06-03,v1,21694,3000.5713242018846,0.13831341957231882,0.6684987983411467
2019-06-04,v1,20972,2652.4010704901557,0.12647344413933606,0.6290511805124553
2019-06-05,v1,21293,4000.4038499339704,0.18787412999267225,0.6882765973156113
2019-06-06,v1,21896,3366.0963516377196,0.1537311084964249,0.6528409770252225
2019-06-07,v1,21997,3587.422978208302,0.16308691995309824,0.6606375389467553
2019-06-08,v1,18426,3863.5805130698213,0.2096809135498655,0.5872978114410368
2019-06-09,v1,21423,4885.404672616473,0.22804484304796122,0.6256025127914416
2019-06-10,v1,22146,4517.637776418562,0.20399339729154528,0.6830789864160185
2019-06-11,v1,21582,3593.0160022206205,0.16648206849321753,0.6587627071637223
2019-06-12,v1,21850,3726.3750773004176,0.17054348179864612,0.662848488954501
2019-06-13,v1,22112,4335.877346351841,0.19608707246526053,0.682345462784484
2019-06-14,v1,22154,3277.5261618072445,0.1479428618672585,0.6559155022856042
2019-06-15,v1,18864,3213.6806434769433,0.17036050909016875,0.6928712120341356
2019-06-16,v1,21403,4875.623170369938,0.22780092371956912,0.6810720700436166
2019-06-17,v1,22145,4746.817028361173,0.214351638219064,0.6543011563090233
2019-06-18,v1,21657,4329.878605013593,0.1999297504277413,0.6986847588908079
2019-06-19,v1,21901,4586.778753401359,0.20943238908731832,0.7368648263921234
2019-06-20,v1,22180,4689.75387720337,0.2114406617314414,0.703991435288085
2019-06-21,v1,22210,4489.075305487018,0.20211955450189187,0.6481101719666791
2019-06-22,v1,18929,3393.2304649882894,0.17926094695907283,0.6498097891548857
2019-06-23,v1,21492,4154.745303135102,0.19331589908501315,0.7072485786674304
2019-06-24,v1,22218,4387.055307052042,0.19745500526834286,0.6691702829482833
2019-06-25,v1,21765,4585.989481243484,0.21070477745203234,0.6010418307024804
2019-06-26,v1,21982,3503.043642052179,0.15935964161824126,0.6898811365642036
2019-06-27,v1,22221,3786.205694678203,0.17038862763503906,0.6696452421246348
2019-06-28,v1,22268,3878.102520403456,0.1741558523622892,0.6792273840692682
2019-06-29,v1,19080,3887.9395911811444,0.20377041882500757,0.7206168661715828
2019-06-30,v1,20645,4026.272758848213,0.19502411038257267,0.6747568058898374
2019-07-01,v1,20577,2973.2841714691785,0.14449551302275251,0.670750150725518
2019-07-02,v1,20100,2872.96948216514,0.14293380508284279,0.7414221604845577
2019-07-03,v1,19872,2909.290572111734,0.14640149819402848,0.6942334830255681
2019-07-04,v1,16788,2120.498695015209,0.12631038211908557,0.741089011476812
2019-07-05,v1,18142,2693.4409410574826,0.14846438876956689,0.7381472897004963
2019-07-06,v1,18982,3802.9807221306496,0.20034668223214885,0.7431682128867174
2019-07-07,v1,21667,4426.471039964426,0.20429552037496776,0.6897239566561089
2019-07-08,v1,22330,4505.143265666298,0.20175294517090453,0.6666297499028278
2019-07-09,v1,21984,2936.1535955853424,0.13355866064343808,0.6396171626746082
2019-07-10,v1,22146,2923.366162833674,0.13200425191157203,0.6922730478578638
2019-07-11,v1,22327,4652.129166016162,0.2083633791380912,0.7069011186314428
2019-07-12,v1,22351,3861.987817414385,0.17278814448634894,0.6483891812550263
2019-07-13,v1,19180,2680.0778866276105,0.139732945079646,0.630372455115704
2019-07-14,v1,21666,3263.3953605167685,0.15062288195868034,0.6593122440007535
2019-07-15,v1,22365,3791.768008759207,0.1695402641967005,0.6070545484399441
2019-07-16,v1,22017,3765.490608610332,0.1710265071812841,0.6382557696344214
2019-07-17,v1,22170,3783.407993401178,0.17065439753726558,0.7828017861764851
2019-07-18,v1,22354,5371.532029065949,0.24029399790041825,0.6940975256267875
2019-07-19,v1,22387,4413.3615264775635,0.19713947945135854,0.6272879878440436
2019-07-20,v1,19196,3848.1929661766235,0.20046848125529398,0.619550031962853
2019-07-21,v1,21683,4111.270403553954,0.18960800643609987,0.7191818972394511
2019-07-22,v1,22372,3721.932711358196,0.16636566741275682,0.7409369692609106
2019-07-23,v1,22021,3925.0903530691467,0.17824305676713803,0.712564296599188
2019-07-24,v1,22166,3557.6039783133183,0.16049823957021195,0.6681944626897871
2019-07-25,v1,22365,3122.191990054907,0.13960169863871705,0.6603921461987393
2019-07-26,v1,22392,3345.807800949765,0.14941978389379085,0.6515920621675121
2019-07-27,v1,19198,2576.453504835372,0.13420426632125074,0.6527403373819581
2019-07-28,v1,21687,2909.3389901217406,0.13415128833502746,0.6373905074082625
2019-07-29,v1,22371,3816.4091533739465,0.17059626987501436,0.6952628748653272
2019-07-30,v1,22015,3523.503519042673,0.16005012577981706,0.7433388779713943
2019-07-31,v1,22158,3694.0177605024555,0.1667125986326589,0.7471313263949587
2019-08-01,v1,22403,4229.618946890105,0.18879698910369613,0.7392080142808684
2019-08-02,v1,22440,4480.15523930728,0.199650411733836,0.6675448547568358
2019-08-03,v1,19256,2900.1933410492957,0.1506124501999011,0.6222033731432616
2019-08-04,v1,21743,3605.1361213072605,0.16580674797899372,0.639713444996549
2019-08-05,v1,22423,3493.9617216624047,0.15582043980120433,0.6499770823445393
2019-08-06,v1,21931,3639.2927340784317,0.16594285413699475,0.7187152723661483
2019-08-07,v1,22043,3849.808139271131,0.17464991785469905,0.775652114179304
2019-08-08,v1,22318,4506.243885301919,0.20191073955112104,0.6759888212628418
2019-08-09,v1,22354,3486.0296899974255,0.15594657287274874,0.6735067645361933
2019-08-10,v1,18827,2969.8539912277183,0.15774440915853394,0.5869763521937894
2019-08-11,v1,21592,3695.6454952396284,0.17115809073914545,0.6121569443880419
2019-08-12,v1,22229,4401.568764358416,0.19801020128473687,0.6256589345962413
2019-08-13,v1,21678,3655.989335476847,0.1686497525360664,0.7264878853043644
2019-08-14,v1,21740,4114.598694502833,0.18926396938835477,0.681865709418173
2019-08-15,v1,22142,3773.94337603253,0.17044275024986588,0.7148882586645245
2019-08-16,v1,22145,3621.479381312533,0.1635348557829096,0.6696191671504541
2019-08-17,v1,18447,3130.8799449149355,0.16972298720198056,0.6854090101144787
2019-08-18,v1,21401,4494.419578835209,0.21000979294590014,0.6801466685732956
2019-08-19,v1,22043,3927.5144127984954,0.17817513100750784,0.7059583613184525
2019-08-20,v1,21101,3905.9942246176697,0.18510943673843278,0.7520550474212395
2019-08-21,v1,21370,3806.3398259473934,0.17811604239342038,0.7060314050656329
2019-08-22,v1,21995,4182.247840104266,0.19014538941142378,0.7020176105653884
2019-08-23,v1,21965,4109.9757403307385,0.1871147616813448,0.6580373890261608
2019-08-24,v1,17746,1695.2660550255362,0.09552947453091042,0.6137595668783027
2019-08-25,v1,21083,2231.0375025925077,0.10582163366658008,0.6406874501405713
2019-08-26,v1,21930,3121.821493266037,0.1423539212615612,0.6593463103844119
2019-08-27,v1,21015,3336.9665049206033,0.15878974565408532,0.5593013859424631
2019-08-28,v1,21265,2561.00762081789,0.12043299416025816,0.7092607651290614
2019-08-29,v1,21904,2419.2841555915006,0.1104494227351854,0.6573101150849056
2019-08-30,v1,21908,3219.8342916100346,0.14697070894696163,0.6760182819740683
2019-08-31,v1,16024,1746.952746702831,0.10902101514620763,0.5671701998296599
2019-09-01,v1,16542,1586.760446210208,0.09592313179846501,0.6239768755825711
2019-09-02,v1,20673,3317.0616734185387,0.16045381286792135,0.6659477704897412
2019-09-03,v1,20138,3306.3612983309904,0.16418518712538438,0.5945977244740134
2019-09-04,v1,19982,2828.0683651320323,0.1415307959729773,0.6133730785858829
2019-09-05,v1,20659,2961.0861680055837,0.1433315343436557,0.6076539438594556
2019-09-06,v1,20690,2797.420954534501,0.13520642602873373,0.6658418075524762
2019-09-07,v1,16571,1542.5638131296032,0.093088154796307,0.5711400307328759
2019-09-08,v1,20715,2540.0295012479464,0.12261788565039568,0.6365867419667048
2019-09-09,v1,21429,2871.845990574632,0.134016799224165,0.6225276275627749
2019-09-10,v1,20346,2928.7132683520376,0.14394540786159626,0.6050127011993489
2019-09-11,v1,20576,2879.3853693467463,0.13993902456000906,0.6636344536955845
2019-09-12,v1,21481,4059.6346957340247,0.18898723037726478,0.6676781065140913
2019-09-13,v1,21472,3706.7709517415087,0.1726327753232819,0.6105001990669842
2019-09-14,v1,16818,1698.4693144191906,0.1009911591401588,0.5593184017899514
2019-09-15,v1,20714,2786.8805921191633,0.1345409188046328,0.60370012480725
2019-09-16,v1,21446,2499.0533607775806,0.11652771429532689,0.6080421742415595
2019-09-17,v1,20336,2593.1876643236337,0.1275170960033258,0.6457001351541116
2019-09-18,v1,20565,2881.9197584921276,0.14013711444163032,0.6427858807054054
2019-09-19,v1,21478,3637.7479936271766,0.16937089084771284,0.664546033275563
2019-09-20,v1,21446,3036.5258020815936,0.1415893780696444,0.7030651325507915
2019-09-21,v1,16807,1787.0584543568887,0.10632822361854516,0.5816616854957984
2019-09-22,v1,20724,2631.041175543857,0.12695624278825793,0.6136112151336125
2019-09-23,v1,21434,3696.236031893448,0.1724473281652257,0.5944110299288706
2019-09-24,v1,20330,2712.153091741804,0.13340644819192346,0.5847483828006088
2019-09-25,v1,20554,1946.3642553850846,0.09469515692250095,0.6041737071575082
2019-09-26,v1,21517,2780.082649640416,0.1292040084417166,0.6723431756308416
2019-09-27,v1,21487,3525.465114684899,0.16407432934727506,0.6619256908494773
2019-09-28,v1,16838,2230.7062709043075,0.13248047695120008,0.557853857516192
2019-09-29,v1,20732,2639.6085986752437,0.1273204996466932,0.6193937494750075
2019-09-30,v1,21479,2594.8420668247572,0.12080832752105579,0.6031534119577944
2019-10-01,v1,20419,1983.9742065396783,0.0971631424917811,0.5506860138888846
2019-10-02,v1,20830,2237.889389313203,0.10743588042790221,0.6502768273349332
2019-10-03,v1,21682,2395.687321900803,0.11049198975651707,0.6869053577399962
2019-10-04,v1,21731,2524.583996565396,0.11617431303508333,0.6988990878774859
2019-10-05,v1,17165,1564.04120801916,0.09111804299558171,0.5602627605127891
2019-10-06,v1,21009,2395.735526215856,0.11403377248873607,0.6653900935689153
2019-10-07,v1,21692,2521.545803211483,0.11624312203630292,0.6783099030256666
2019-10-08,v1,20793,2044.3596849329876,0.09831961164492799,0.6532022174183242
2019-10-09,v1,20971,2514.236122610462,0.11989109353919518,0.6673233377476633
2019-10-10,v1,21736,3924.648133382049,0.1805598147488981,0.6487203402409708
2019-10-11,v1,21701,4518.722594633342,0.20822646857902133,0.6311736170750037
2019-10-12,v1,17240,1724.4131977476186,0.10002396738675282,0.5489374195320035
2019-10-13,v1,21049,2753.6701953271468,0.13082190105597163,0.5475357293948461
2019-10-14,v1,21719,2796.0977336820006,0.1287397087196464,0.5987401919153819
2019-10-15,v1,20846,2777.284881821551,0.13322867129528693,0.5994214159002774
2019-10-16,v1,20987,3263.874187994619,0.15551885395695522,0.6234597667727938
2019-10-17,v1,21734,2971.888942666134,0.1367391618048281,0.7537678395124341
2019-10-18,v1,21698,2592.0454840322564,0.11946011079510814,0.6894944704691632
2019-10-19,v1,17217,2014.9651831840242,0.11703346594552037,0.5021027585060928
2019-10-20,v1,21033,3447.302028008514,0.16389968278460104,0.6830112686636132
2019-10-21,v1,21700,4303.337335194945,0.19831047627626475,0.6461897731293045
2019-10-22,v1,20818,2906.6916974462015,0.13962396471544825,0.6720030278769622
2019-10-23,v1,20936,2087.1568038212727,0.09969224320888768,0.6335957574852126
2019-10-24,v1,21716,3290.0558705792764,0.1515037700579884,0.6980001960273342
2019-10-25,v1,21669,3509.416558746705,0.16195563056655615,0.6437924222818393
2019-10-26,v1,16931,2056.58349113452,0.1214685187605292,0.5829619387176544
2019-10-27,v1,20341,3299.4400761837005,0.16220638494585815,0.6315091706008937
2019-10-28,v1,20718,2835.691759300025,0.13687092186987282,0.5601887141634536
2019-10-29,v1,19831,3791.4677807358667,0.1911889355421243,0.6530089414730376
2019-10-30,v1,19802,4492.324958233116,0.22686218352858886,0.6594024853658166
2019-10-31,v1,18300,4157.762554554003,0.2272001395931149,0.6328048338788232
2019-11-01,v1,20207,2680.8191183338004,0.13266784373404267,0.5866070403885154
2019-11-02,v1,16806,1580.063385192594,0.0940178141849693,0.5713963406502192
2019-11-03,v1,20595,1907.01945121045,0.09259623458171644,0.5746419421209636
2019-11-04,v1,21434,2086.9336508620327,0.09736557109555065,0.5798611883088792
2019-11-05,v1,20007,2008.3597641955096,0.1003828542108017,0.6086392009373611
2019-11-06,v1,20423,2252.57868644138,0.11029617031980511,0.5939491638105197
2019-11-07,v1,21611,3246.2468093952007,0.15021270692680583,0.6529170505844242
2019-11-08,v1,21605,3881.5539293582274,0.17965998284462983,0.6021094171645146
2019-11-09,v1,16829,1500.834629531219,0.08918145044454329,0.6147047550967658
2019-11-10,v1,20836,2025.2731942792034,0.09720067163943191,0.6141192710857708
2019-11-11,v1,21587,4692.522091605777,0.21737722201351634,0.6289997364393158
2019-11-12,v1,20596,4005.6511343361663,0.19448684862770277,0.6042818071008275
2019-11-13,v1,20809,2554.754161819923,0.12277159699264371,0.5784654166727276
2019-11-14,v1,21613,4208.610735770226,0.19472589347939787,0.6027323107505507
2019-11-15,v1,21625,3194.4977934521653,0.14772244131570705,0.6255580707179478
2019-11-16,v1,16869,1540.5278734331732,0.09132301105182128,0.6270523024746166
2019-11-17,v1,20883,2146.1963111175583,0.10277241349985913,0.6342732821328685
2019-11-18,v1,21623,2430.0968264608655,0.11238481369194217,0.709582216862177
2019-11-19,v1,20780,1960.2318733506786,0.09433262143169772,0.6355967636215665
2019-11-20,v1,20988,2553.007756755638,0.12164130725917849,0.6404390485498214
2019-11-21,v1,21617,2832.3777298504,0.13102547670122588,0.6081118931571236
2019-11-22,v1,21728,2911.9206165565884,0.1340169650477075,0.6301231791640163
2019-11-23,v1,18309,1866.658643457818,0.10195306370953182,0.5621509604240931
2019-11-24,v1,20315,1881.8349137529688,0.09263277941191084,0.649119316629324
2019-11-25,v1,20465,2126.245773634965,0.10389669062472344,0.5592909073094258
2019-11-26,v1,21066,3491.3516915402006,0.1657339642808412,0.5531019429985488
2019-11-27,v1,21762,3870.9157697163046,0.1778750009059969,0.575562457486399
2019-11-28,v1,12719,1433.1731191574152,0.11267970116812762,0.547124009462419
2019-11-29,v1,15563,1976.1257279514598,0.12697588690814496,0.5923081563832953
2019-11-30,v1,21183,4502.204023599304,0.21253854617378576,0.6348802489689863
2019-12-01,v1,22784,5279.347924401409,0.231712953142618,0.6448141915317563
2019-12-02,v1,21942,4454.630646804875,0.20301844165549518,0.6952853245339092
2019-12-03,v1,20467,3622.8652891146903,0.17701007910854988,0.6253562829682746
2019-12-04,v1,20250,3166.681510277096,0.15637933384084426,0.5900288202060812
2019-12-05,v1,21240,2407.3054664341216,0.1133382987963334,0.6820614175198654
2019-12-06,v1,21290,2541.395480074786,0.11937038422145543,0.6920473484572205
2019-12-07,v1,16128,1519.5123507716855,0.09421579555876027,0.6552816750593217
2019-12-08,v1,20266,2435.026297149034,0.12015327628288926,0.5827979906591302
2019-12-09,v1,21011,3988.8376013388106,0.1898452049563948,0.6727177422968021
2019-12-10,v1,19750,2648.3373029822123,0.13409302799909936,0.6411474126717653
2019-12-11,v1,20264,3857.616005309629,0.1903679434124373,0.6302899410957408
2019-12-12,v1,21257,2757.61435731838,0.12972735368670932,0.6179237077555555
2019-12-13,v1,21299,3533.1979708990634,0.16588562706695445,0.6366197897576159
2019-12-14,v1,16178,2497.6557407808973,0.15438594021392615,0.5975667325519038
2019-12-15,v1,20289,2744.013975132767,0.13524638844362794,0.624995404844335
2019-12-16,v1,21036,3971.5551561737475,0.18879802035433293,0.618633186520262
2019-12-17,v1,19727,4373.9946462185235,0.22172629625480425,0.6718358610647155
2019-12-18,v1,20586,3701.675064707081,0.17981516878981255,0.6880997156578067
2019-12-19,v1,21359,3360.1811465816245,0.1573192165635856,0.6670551866921093
2019-12-20,v1,21425,3589.801339150871,0.1675519878250115,0.6444740071076244
2019-12-21,v1,19980,3031.936635890657,0.15174858037490774,0.6183713354806328
2019-12-22,v1,21049,4106.799180612874,0.19510661697053894,0.6095316096716126
2019-12-23,v1,21117,4295.653865484415,0.20342159707744545,0.5944866611701123
2019-12-24,v1,16945,2317.7770056709487,0.1367823550115638,0.5687518602649101
2019-12-25,v1,16567,1637.614266848851,0.09884796685271027,0.5794630064216357
2019-12-26,v1,21061,3426.0270735694085,0.16267162402399737,0.614315717414947
2019-12-27,v1,21113,3844.1905796261935,0.1820769468870456,0.6311573612042727
2019-12-28,v1,19929,3941.4912748679308,0.19777667092518092,0.6244316492811589
2019-12-29,v1,21001,3912.735609686323,0.18631187132452376,0.6169029145725052
2019-12-30,v1,21045,4053.135508282836,0.19259375187849065,0.6266198921281361
2019-12-31,v1,17408,2499.8643868036615,0.14360434207282063,0.567386143822185
2020-01-01,v1,18114,2470.3828877513033,0.13637975531364158,0.5201912874609813
2020-01-02,v1,20612,2916.4646816835684,0.1414935320048306,0.5856847095358922
2020-01-03,v1,20616,3733.0962907687576,0.18107762372762698,0.6146107782026304
2020-01-04,v1,18099,3326.5921230148024,0.1837997747397537,0.6531253432196266
2020-01-05,v1,20632,2789.2969160887415,0.13519275475420423,0.5980291415402248
2020-01-06,v1,20943,2565.136807693737,0.12248182245589156,0.5635332593441505
2020-01-07,v1,19164,1832.2237744831564,0.09560758581106013,0.5978762738596389
2020-01-08,v1,19670,2134.819343029957,0.10853174087595105,0.6364952927574659
2020-01-09,v1,20789,1733.973781320538,0.08340823422581836,0.5701776552008101
2020-01-10,v1,20810,3455.7072937218554,0.1660599372283448,0.5609874197434201
2020-01-11,v1,16033,4100.11846846228,0.2557299612338477,0.5275981468804181
2020-01-12,v1,19897,2973.4522169822594,0.14944223837675324,0.6113808645966528
2020-01-13,v1,20589,3124.2021115763914,0.1517413235988339,0.5662555808724801
2020-01-14,v1,19156,2412.749069909243,0.1259526555600983,0.5388372965663153
2020-01-15,v1,19669,1813.0208175765567,0.09217656299641856,0.5419869703584316
2020-01-16,v1,20762,3733.6880253285467,0.1798327726292528,0.6333961573253666
2020-01-17,v1,20788,4449.735135488345,0.21405306597500215,0.5390078774222467
2020-01-18,v1,15404,2899.8878443413532,0.18825550794218082,0.6474997073330198
2020-01-19,v1,18066,1902.789166688426,0.10532432008681644,0.6337024018602039
2020-01-20,v1,20248,2896.9723065125477,0.14307449162942257,0.5977721753105284
2020-01-21,v1,19169,2509.3225869791067,0.13090524216073382,0.564158498506099
2020-01-22,v1,19671,2958.026271335025,0.15037498202099664,0.5289370444264464
2020-01-23,v1,20756,3466.3121714928975,0.16700289899272006,0.5320899396940773
2020-01-24,v1,20789,2741.1076860948274,0.13185375372046887,0.5804262807978099
2020-01-25,v1,15984,1646.5291967732537,0.10301108588421257,0.6134814314248282
2020-01-26,v1,19911,2136.1581999953582,0.10728532971700862,0.5839892680859078
2020-01-27,v1,20609,2820.8590000996273,0.1368751031151258,0.5468562971836748
2020-01-28,v1,19155,1822.1652148813773,0.09512739310265607,0.5959211365809852
2020-01-29,v1,19675,1441.716389677843,0.0732765636430924,0.5877946948044969
2020-01-30,v1,20757,1990.695278593472,0.09590476844406572,0.5767480556491722
2020-01-31,v1,20809,2784.4331681712374,0.13380908107891956,0.570333424118463
2020-02-01,v1,15780,1942.382712731306,0.12309142666231343,0.5070461890232134
2020-02-02,v1,18805,2307.6661572940166,0.12271556273831516,0.5469622899433206
2020-02-03,v1,20708,2853.3412488522945,0.1377893204970202,0.5554107228412902
2020-02-04,v1,19225,1855.0838830200778,0.09649330991001705,0.539521676289403
2020-02-05,v1,19775,3650.2167742284855,0.18458744749575146,0.5222401538448505
2020-02-06,v1,20826,6410.399804243038,0.3078075388573436,0.5737899004808602
2020-02-07,v1,20866,5669.851895466544,0.271726823323423,0.5914326536535266
2020-02-08,v1,16048,2154.646213042394,0.13426260051360878,0.5523073521656019
2020-02-09,v1,20007,3475.5154993410797,0.17371497472589992,0.6569296990929243
2020-02-10,v1,20709,2750.4044444204037,0.13281203556040386,0.6281329740054189
2020-02-11,v1,19259,1998.3049382824365,0.10375953778921214,0.5986722940525709
2020-02-12,v1,19951,2619.1993000988928,0.13128160493704039,0.615425772034599
2020-02-13,v1,21185,5662.17613385939,0.26727288807455224,0.5543782023840632
2020-02-14,v1,21270,3038.2038608864996,0.14283986181882935,0.5857786224718958
2020-02-15,v1,16678,1703.5743161663913,0.10214500036973206,0.5725226773358455
2020-02-16,v1,18902,1795.2399384195564,0.09497618973757044,0.5793193034421585
2020-02-17,v1,20989,2900.8088481725963,0.13820614837165165,0.5760084672330171
2020-02-18,v1,20483,3204.2642736249272,0.15643530115827403,0.560260385009199
2020-02-19,v1,20661,2616.1058386952727,0.1266204849085365,0.5752963927297247
2020-02-20,v1,21270,3148.3454032479276,0.14801811956971922,0.6018476608932846
2020-02-21,v1,21293,2665.826431335655,0.1251973151428007,0.5522508028936751
2020-02-22,v1,17111,1707.3367869008775,0.09978007053362618,0.5454781140302822
2020-02-23,v1,20436,2098.204893103343,0.10267199516066465,0.5973988383333688
2020-02-24,v1,21247,1999.1089821439375,0.09408899995970901,0.5977302364035411
2020-02-25,v1,20418,2187.7386374537227,0.10714754811704,0.5690151049739034
2020-02-26,v1,20668,3517.670348335606,0.17019887499204597,0.5932884966655121
2020-02-27,v1,21286,2706.099483831081,0.12713048406610358,0.6195540619622073
2020-02-28,v1,21309,2697.255683514532,0.12657823846799623,0.543133236750173
2020-02-29,v1,17103,1904.8099837387076,0.11137285761203926,0.5401085341973925
2020-03-01,v1,20470,2161.950852913781,0.10561557659569033,0.5971176910228179
2020-03-02,v1,21297,2516.221255913273,0.11814909404673302,0.5507123917446465
2020-03-03,v1,20454,1766.2515799127978,0.08635237997031377,0.5665780559922479
2020-03-04,v1,20757,3103.569387535409,0.14951916883631589,0.5220279183891627
2020-03-05,v1,21428,2341.1077650560546,0.10925460915886012,0.5623245020323032
2020-03-06,v1,21537,2322.4658439265777,0.10783608877404363,0.6832484929966334
2020-03-07,v1,18064,1277.2282846353246,0.07070572877742054,0.5891209284364987
2020-03-08,v1,20846,1889.8016596901552,0.0906553612055145,0.6053186130832193
2020-03-09,v1,21724,1835.9260917125762,0.08451142016721488,0.5949682244307208
2020-03-10,v1,20989,2323.928568095201,0.11072126199891377,0.5862928687759763
2020-03-11,v1,21298,2360.7093558976476,0.11084183284334903,0.527012828444609
2020-03-12,v1,22023,2442.1315965159747,0.11089005115179468,0.5865035208565291
2020-03-13,v1,22100,3934.397426505676,0.17802703287356,0.63668287860447
2020-03-14,v1,18704,2382.949380863034,0.12740319615392612,0.5673553929409836
2020-03-15,v1,21351,2136.1048034712626,0.10004706119016733,0.5898825359567614
2020-03-16,v1,22071,1998.9180566208174,0.0905676252376792,0.5349104046974578
2020-03-17,v1,21442,3156.923256442733,0.14723082065305163,0.5496720830377713
2020-03-18,v1,21659,3856.1283809216384,0.17803815415862406,0.4684300217442263
2020-03-19,v1,22157,5214.394917555181,0.23533848975742117,0.5082364439814956
2020-03-20,v1,22172,5663.10854259318,0.2554171271239934,0.46907901946035796
2020-03-21,v1,18817,4709.832015424747,0.25029664746903046,0.5126112372472862
2020-03-22,v1,21381,5985.9370113264595,0.27996525005034656,0.4567243265512912
2020-03-23,v1,21985,7227.067905321721,0.32872721880016925,0.44427700482359744
2020-03-24,v1,21173,6786.869968775627,0.3205436153958167,0.46394041216558485
2020-03-25,v1,21063,6927.146060692574,0.3288774657310247,0.4910714200226752
2020-03-26,v1,21344,7568.683005398505,0.35460471352129425,0.5002164827568639
2020-03-27,v1,21218,8345.366966457368,0.39331543814013425,0.4687465633127459
2020-03-28,v1,18161,7161.430901719,0.3943302076823413,0.48079414842623935
2020-03-29,v2,20382,6722.465348526292,0.3298236359791135,0.5322403042705267
2020-03-30,v2,20686,8667.901244430883,0.41902258747127924,0.512138890043582
2020-03-31,v2,19476,8093.593618265124,0.4155675507427154,0.4974685981032928
2020-04-01,v2,16965,6574.091880399027,0.3875090999351033,0.4850414280845178
2020-04-02,v2,16492,5861.6362660951145,0.35542300910108626,0.5028623565857728
2020-04-03,v2,16340,5344.388492253192,0.3270739591342223,0.5166942905106947
2020-04-04,v2,13574,4476.090930564087,0.3297547466158897,0.50436022805006
2020-04-05,v3,15212,4275.975136082012,0.2810922387642658,0.5912866985649244
2020-04-06,v3,15288,4282.359377941924,0.28011246585177424,0.5689700448210078
2020-04-07,v3,13180,3519.761865352145,0.2670532523028942,0.5843779026450922
2020-04-08,v3,11738,3072.037095008698,0.26171725123604517,0.5682187888575585
2020-04-09,v3,12046,3187.6773979368804,0.2646253858489856,0.5499647783385397
2020-04-10,v3,11988,3164.8835627870594,0.26400430120012175,0.5470650440654369
2020-04-11,v3,10470,3123.6831993866417,0.29834605533778813,0.4826940794440805
2020-04-12,v4,10491,2634.799976505771,0.2511486013254953,0.6083752841876524
2020-04-13,v4,10675,2831.333388825803,0.26523029403520404,0.57547573884954
2020-04-14,v4,8917,2353.933926280184,0.2639827213502505,0.5687689998414152
2020-04-15,v4,8643,2285.746362985821,0.26446215006199475,0.5426270239030286
2020-04-16,v4,9035,2262.1307831377435,0.25037418739764733,0.607054449234133
2020-04-17,v4,8930,2289.071794933694,0.2563350274281852,0.5866769828960582
2020-04-18,v4,7546,1883.5400738719281,0.2496077489891238,0.5946976861066233
2020-04-19,v5,8334,2052.2129803655507,0.24624585797522808,0.5983231030972068
2020-04-20,v5,8353,2058.766459772135,0.24647030525226088,0.6077457015916439
2020-04-21,v5,8003,1976.626862408827,0.2469857381492974,0.5955614328390934
2020-04-22,v5,8083,1898.3926698153236,0.23486238646731705,0.6265944583557133
2020-04-23,v5,8429,1925.3117274954297,0.22841520079433264,0.646007133887438
2020-04-24,v5,8073,1936.628803602263,0.23988960777929677,0.6071498446593993
2020-04-25,v5,7163,1699.5434062063496,0.23726698397408202,0.607928021359876
2020-04-26,v6,7873,2344.3399377042447,0.29776958436482215,0.624369397490457
2020-04-27,v6,8044,2523.8822365131564,0.3137596017544948,0.639881397186159
2020-04-28,v6,7708,2448.8307167179337,0.31769988540710087,0.6468440184599511
2020-04-29,v6,7692,2153.6576998086357,0.2799867004431404,0.598151351786289
2020-04-30,v6,8097,2170.204646552088,0.2680257683774346,0.5941250711903283
2020-05-01,v6,8094,1950.4895547889619,0.24097968307251816,0.6148612035404823
2020-05-02,v6,5976,1257.1306257290435,0.21036322385024153,0.5913974555783794
2020-05-03,v7,6274,656.1058477943809,0.1045753662407365,0.6671436150100358
2020-05-04,v7,6258,658.0312039597957,0.1051504001214119,0.6840040304447825
2020-05-05,v7,4980,423.46171767721876,0.0850324734291604,0.5392619233130892
2020-05-06,v7,5265,429.3200768629653,0.08154227480778069,0.5632729730029513
2020-05-07,v7,5873,528.2365255460671,0.08994321906113863,0.6871814916753043
2020-05-08,v7,6062,632.1828579095404,0.10428618573235572,0.6760865616838548
2020-05-09,v7,5037,412.81234096608307,0.08195599383880943,0.5895801056211357
2020-05-10,v7,5884,443.2507917699131,0.07533154176918985,0.688539254947781
2020-05-11,v7,5935,453.38964201299007,0.0763925260342022,0.7022059623275819
2020-05-12,v7,4912,358.27961545741823,0.07293966112732456,0.5468363024878982
2020-05-13,v7,5480,399.4295926829326,0.07288861180345485,0.6264834817235051
2020-05-14,v7,5952,626.3770513901129,0.10523807987065069,0.5756938896215226
2020-05-15,v7,5970,566.114529702841,0.09482655438908559,0.6546626097296542
2020-05-16,v7,5069,394.46453314592446,0.07781900436889415,0.643661446681581
2020-05-17,v9,5923,411.73558176414645,0.06951470230696377,0.7560290814307064
2020-05-18,v9,5955,406.1997851633341,0.0682115508250771,0.7666501577040379
2020-05-19,v9,4925,255.01373803504214,0.051779439194932414,0.7586891400424405
2020-05-20,v9,5645,308.3472180174988,0.05462306785075267,0.7715803237588883
2020-05-21,v9,6253,395.7312977906954,0.0632866300640805,0.7606904671339818
2020-05-22,v9,6315,494.0195915341192,0.078229547352988,0.7081130341286417
2020-05-23,v9,5331,351.4989785167042,0.0659349049928164,0.7202796085986616
2020-05-24,v10,6119,531.1949754897089,0.08681074938547294,0.7601038526408054
2020-05-25,v10,6277,436.13754896239936,0.0694818462581487,0.7725274243558933
2020-05-26,v10,5119,310.799392842908,0.06071486478665911,0.676849721065552
2020-05-27,v10,5697,392.3462954156247,0.06886893021162449,0.7606984493877744
2020-05-28,v10,6211,484.951810970329,0.07807950587189326,0.6960297609532239
2020-05-29,v10,6232,442.4186677547234,0.07099144219427525,0.7087760358064388
2020-05-30,v10,5282,317.4507840289827,0.06010048921412017,0.7167032130969363
2020-05-31,v11,6312,383.53726833710886,0.06076319206861674,0.7284411085991219
2020-06-01,v11,6298,410.5820257008569,0.06519244612589027,0.6143649580643444
2020-06-02,v11,5299,223.31980182710572,0.04214376331894805,0.612035845381547
2020-06-03,v11,5944,332.6513223146185,0.05596421977029248,0.5929174998776984
2020-06-04,v11,6805,588.9913276266999,0.08655272999657604,0.5660708406086306
2020-06-05,v11,6966,635.3050797783744,0.09120084406809854,0.5656167511447923
2020-06-06,v11,6283,513.1842239471616,0.08167821485710038,0.5858937213037707
2020-06-07,v12,7515,598.4229181532645,0.07963046149744037,0.5761310008414183
2020-06-08,v12,7602,539.5420919823563,0.0709737032336696,0.62631816630267
2020-06-09,v12,6573,379.76454393627205,0.057776440580598214,0.6148473380180047
2020-06-10,v12,6713,461.8909258019492,0.0688054410549604,0.613188407431211
2020-06-11,v12,7772,620.7482872437124,0.0798698259448935,0.5723113451694269
2020-06-12,v12,7807,638.5007032238842,0.08178566712231129,0.6096037684830882
2020-06-13,v12,6998,553.5969394533713,0.07910787931600047,0.5687809503703558
2020-06-14,v12,7992,659.5906422800842,0.08253136164665718,0.5703723636542565
2020-06-15,v12,7982,567.6561434111511,0.07111703124669896,0.6115548869908367
2020-06-16,v12,6877,308.01372434778966,0.044788966751169064,0.5479606614799097
2020-06-17,v12,6945,399.9638839282052,0.05759019207029592,0.5788120250304286
2020-06-18,v12,8045,625.3388094998121,0.07773011926660188,0.5959620786516855
2020-06-19,v12,8101,701.5839964684669,0.08660461627804801,0.6377991628426012
2020-06-20,v12,7335,645.832789518646,0.08804809673055841,0.4937748691292041
2020-06-21,v12,8334,1143.1844091915532,0.13717115541055352,0.5644892467089772
2020-06-22,v12,8416,1209.31956744289,0.14369291438247267,0.5467181906086459
2020-06-23,v12,7339,708.5832355961003,0.09655037956071676,0.5754038581017161
2020-06-24,v12,7466,544.930385973699,0.07298826493084637,0.5229232274071953
2020-06-25,v12,8560,789.4722235302813,0.09222806349652819,0.5464411165991305
2020-06-26,v12,8597,880.1295295414824,0.10237635565214404,0.5303948998797592
2020-06-27,v12,7903,572.464249148773,0.07243632154229697,0.548577146830324
2020-06-28,v12,8686,811.0597430566377,0.09337551727568935,0.562732827742739
2020-06-29,v12,8834,846.657364778815,0.09584077029418327,0.5568862796564116
2020-06-30,v12,7745,489.74849621451466,0.0632341505764383,0.5344832472492047
