day,psi_cluster,psi_backtest,gap_cluster,gap_backtest,brier_cluster,brier_backtest
2020-03-10,0.0178957221423955,0.0160463311553031,-0.0711694324138838,-0.0755480292631432,0.0981169448577519,0.0997539415001061
2020-03-11,0.0172753770011121,0.0156274782884621,-0.0726428233169988,-0.0807534382131386,0.1019979778960337,0.0945194190079261
2020-03-12,0.0184985620140908,0.016658540184089,-0.0747813856656116,-0.0765725986299666,0.0952034064065566,0.0958618562411137
2020-03-13,0.0180616702110678,0.017496495853256,-0.0746025439481106,-0.0570821200360548,0.0948364206861906,0.1099645637209629
2020-03-14,0.0189049342800489,0.0172055803183122,-0.0609392341243516,-0.046460883733667,0.1044694818628724,0.1160001571736101
2020-03-15,0.0190822811274988,0.0173018040234302,-0.0495327613251157,-0.0362451636187021,0.1117960571663684,0.1197121545142256
2020-03-16,0.0212810204041511,0.0165951284334377,-0.0449753054515386,-0.0339462097136159,0.1124972383921323,0.121150018659629
2020-03-17,0.0197122418661313,0.0166353823929744,-0.041387060492523,-0.0411612128511844,0.1135944198310313,0.1260922971275621
2020-03-18,0.0198054785680215,0.0179175131154084,-0.0468985232299037,-0.0344083747123563,0.1180138493537988,0.1362807059345334
2020-03-19,0.0197579889538944,0.0187595820034089,-0.0396660533758325,-0.0131611059377119,0.1299617495287399,0.1530202696442119
2020-03-20,0.0208262172750191,0.0180077342413914,-0.0123368677408753,-0.0051186693523742,0.1500150744195046,0.1614806302217245
2020-03-21,0.0206429435775375,0.0198416850454607,0.0010080224309629,0.0171503630432297,0.161121675300899,0.1791077535304273
2020-03-22,0.0222535853849745,0.0197482903020352,0.0231737168902683,0.0475269564080646,0.1782321901403399,0.2036951217664702
2020-03-23,0.020626285071489,0.0214012492202973,0.0530966452740294,0.0962794342581125,0.2030050035224019,0.2381121905721482
2020-03-24,0.0228888466837753,0.0214750242070875,0.1023730340001332,0.1520574870331628,0.2389049383257172,0.2627152788310777
2020-03-25,0.0222435697097125,0.0205977584260571,0.1600911145622157,0.1937441820618129,0.266488953590121,0.284743764842041
2020-03-26,0.0211590067104508,0.0212886666440536,0.2020572472811288,0.2266936085733868,0.2877895313130388,0.3046980823922349
2020-03-27,0.0204174618662805,0.0191093076078728,0.2323034973552542,0.2627205407010644,0.3056844402340902,0.3269875714147666
2020-03-28,0.0206689381665927,0.0183415298305546,0.2708433076586908,0.2842871805030794,0.3319765459540971,0.3431643342270583
2020-03-29,0.0201724356067847,0.0195169330068982,0.2917053895179288,0.3102654344109355,0.3475170969045758,0.3602981188927632
2020-03-30,0.0190053874970979,0.0180081576596419,0.3181977636641635,0.3322161708569614,0.3653197995185511,0.3748501925412108
2020-03-31,0.0170923376701724,0.019418993216581,0.3350980752004208,0.3482173817817936,0.3760798869080833,0.3852555049520123
2020-04-01,0.0195974334629963,0.0216622276037242,0.3474311500745639,0.3584297021820323,0.3839089351746513,0.3893777364058316
2020-04-02,0.0234879449317421,0.024065150925832,0.3601951424656721,0.3625214437843317,0.3904254793116953,0.3915797697256394
2020-04-03,0.0300029133849589,0.030323000474639,0.3657810296240275,0.3563548734307401,0.3936557128635412,0.3868306173890148
2020-04-04,0.0357396128789473,0.0368806877659831,0.3549259743860544,0.3492947341160601,0.3842511879557034,0.3822673722063783
2020-04-05,0.0480660664361286,0.0484856620365009,0.3486611239514704,0.34112184662071,0.3807446343386355,0.377119198657767
2020-04-06,0.0652498970635952,0.0702812898394854,0.3418742630686781,0.3271051180669598,0.376510121473315,0.3664746624647776
2020-04-07,0.0958680379359174,0.0922765557931696,0.3265882944166084,0.3190120340981224,0.366069216096794,0.3605496479967883
2020-04-08,0.1136808541388124,0.1068670733269477,0.3205890460306141,0.314244943018536,0.360211380538374,0.3568876497721808
2020-04-09,0.1256566999878934,0.1162566013244582,0.3089833310747025,0.299641962848342,0.3521459599652619,0.3452125337506425
2020-04-10,0.1378843506351379,0.1544890102899986,0.3002114767109933,0.2887312218372215,0.3458527063586711,0.3383812399567838
2020-04-11,0.147548848547922,0.1780209824386383,0.2920921358205944,0.2866430144672456,0.3397935406829545,0.3354546817633977
2020-04-12,0.1871137746195835,0.2193369342440382,0.2889145670392415,0.2751640389355793,0.335839903889466,0.3289925746550334
2020-04-13,0.255283259281056,0.2966473776127671,0.2791939793385919,0.2588030954866513,0.328928912644739,0.3193368196670101
2020-04-14,0.29187374111948,0.3479744059068602,0.2646379938965517,0.2422291157751589,0.3184513642869967,0.3079462084585291
2020-04-15,0.327598822091646,0.3909456185134816,0.2470598265024836,0.238305045345712,0.3068534529195487,0.3050808506094677
2020-04-16,0.3893137129429194,0.4068148452827354,0.2365647295907473,0.2421574998006967,0.2993669258249994,0.3079428916043259
2020-04-17,0.4534578682593397,0.4530994839305269,0.2349521916697143,0.2418752906154125,0.2980044456981118,0.3059453985391057
2020-04-18,0.5603503219949543,0.4979553662296098,0.2294107197073538,0.2276519450331149,0.2943177670206804,0.297067474623333
2020-04-19,0.6261696889485274,0.5497045440312166,0.2242212328036386,0.2305739057002817,0.2910854124808004,0.2957122820348669
2020-04-20,0.6524004486709493,0.6387008732692208,0.2208437453728379,0.2333666435678052,0.2881427901563337,0.2957803134412872
2020-04-21,0.8232436865871875,0.8304819176594865,0.2248311566566566,0.2423893651919439,0.2914770021581238,0.3015210838118783
2020-04-22,0.8402300719994501,0.8338967063927338,0.2294770164815316,0.2476498492784603,0.293504625524386,0.3044332804595656
2020-04-23,0.9709567823112132,0.968393373013958,0.2412765755524109,0.2391946247256933,0.3022183380818918,0.2994990664386272
2020-04-24,0.981494541332158,0.962759766287616,0.234852988925614,0.2358675708703714,0.2972245881987597,0.2977357320776972
2020-04-25,0.9721646398436754,0.9925423888010628,0.2327655895253097,0.2416998230793199,0.2965485542892506,0.3017947026588408
2020-04-26,0.9770779600631236,0.9949955352524628,0.2308947840412117,0.2354723367904268,0.2951050978097052,0.2968039565981502
2020-04-27,0.9772576404867892,1.0163528356506049,0.2335399893426523,0.2450459456414398,0.2952698243153464,0.3016687042891515
2020-04-28,0.980058021816422,1.0014320186102714,0.241264917472103,0.2569675014420958,0.2969297566011948,0.3076911933958903
2020-04-29,0.9951846576086416,1.0217858080298166,0.2457276031219689,0.2526982358719719,0.2994508055296705,0.3039761213586743
2020-04-30,1.0050829856359815,1.0350892849401865,0.2409064874321972,0.2461486673531926,0.2945279494928521,0.3007537369280041
2020-05-01,1.0337148479927347,1.0314703826550304,0.2418926658537926,0.2415176784965124,0.2965016344568459,0.2965145378989978
2020-05-02,1.054745976705728,1.048528658424776,0.2376586879783168,0.2317796855456767,0.2912901011309545,0.2888957556313413
2020-05-03,1.052829600515607,1.0536435098956516,0.2300332109500189,0.2036590821155126,0.2845061638337494,0.270284894463157
2020-05-04,0.8056303194256772,0.7983597942946966,0.1981831538702977,0.1635886172577024,0.2619456203658555,0.24133791588956
2020-05-05,0.7273953185166748,0.768571437452954,0.1574160640352988,0.117690939675231,0.2318571523103371,0.2075630028026589
2020-05-06,0.6937870411250837,0.7089975228002097,0.124207518324381,0.0732954206256891,0.2067744252480568,0.1795738353139079
2020-05-07,0.6501662925376475,0.6151495000531442,0.0893297642249452,0.0309323731833318,0.1845854842706092,0.1519374019509955
2020-05-08,0.637826723546614,0.5992294847077047,0.0370170682920148,-0.0048187120370821,0.1532636955168588,0.1291967179680703
2020-05-09,0.6323127882447457,0.6189105951594949,0.0002039494958556,-0.0297109756013685,0.1304970288723915,0.1130379068881645
2020-05-10,0.6536862706875118,0.609255508767223,-0.0310385576211365,-0.0387816240552336,0.1102461819643742,0.1099874281533567
2020-05-11,0.6913991518760337,0.6308860400862704,-0.0415155657574683,-0.0758949210274474,0.1087718267162288,0.1123085984099527
2020-05-12,0.6539636533586778,0.6664854807110532,-0.0699059549635985,-0.0940501984369421,0.1136036027150448,0.117079307193126
2020-05-13,0.6755819782509132,0.6455972241893296,-0.089297423298264,-0.1093659275096986,0.1169594921264328,0.1212792290834511
2020-05-14,0.6333556437641957,0.6057033914032067,-0.1115709143635886,-0.1243981523032187,0.1171600571465797,0.1197234550522913
2020-05-15,0.6032552737423039,0.551934176493518,-0.11129345719139,-0.1427396768875291,0.1208104943271436,0.1151617877897158
2020-05-16,0.6071289237617914,0.5629929116853978,-0.1284824640821354,-0.155356831241592,0.1203343763883714,0.1115423150470906
2020-05-17,0.5820179172996247,0.5378684736822853,-0.1333594006523061,-0.170509568468827,0.1212026268967642,0.1163575842526814
2020-05-18,0.5823576463630488,0.5399915685525505,-0.1470260014469582,-0.1589194274549991,0.1272177891062478,0.111450044786381
2020-05-19,0.5895057410976653,0.524408198564063,-0.1429191130337871,-0.1501506030949373,0.1235453897331596,0.1104895873477332
2020-05-20,0.6036488496259774,0.5309284479792986,-0.1412275315186868,-0.1329094829996309,0.1185287820614638,0.1068242180634847
2020-05-21,0.6052129069655646,0.5376133023474245,-0.1261349430702458,-0.1275322500466678,0.113242328088083,0.1011769305107702
2020-05-22,0.6105605981086781,0.5447018062416047,-0.1243731112105263,-0.1255324608765454,0.1084767437350143,0.0992219484599032
2020-05-23,0.5905217603747955,0.5577717909567849,-0.1204354462532467,-0.1198320745384388,0.103806365100262,0.098472079726125
2020-05-24,0.5837470110487312,0.5498343942891218,-0.1190781761821862,-0.099583844281481,0.102496181854972,0.0948502229108959
2020-05-25,0.5801517545546734,0.5291725060105956,-0.0964561185473735,-0.097790957583222,0.0973373627956943,0.0921658575682488
2020-05-26,0.5837243161419646,0.5462165882976344,-0.0904795573938644,-0.0962817315105518,0.0936820284449537,0.0893925684619162
2020-05-27,0.5666869543040481,0.5314367720517927,-0.0858677856536203,-0.0965659164857247,0.093843371164225,0.0910247839420153
2020-05-28,0.5617218238082488,0.5414914762876809,-0.0831992562877312,-0.1046947086861221,0.0992103575626206,0.0939184076639244
2020-05-29,0.5506709678652292,0.5734785497641546,-0.0915248266915568,-0.1055753044446836,0.0997382298201997,0.0925956366087505
2020-05-30,0.5651105400730371,0.5660071344736018,-0.0921357700760923,-0.1044250706079895,0.1016803585607989,0.0948138038094913
2020-05-31,0.5774758190727348,0.5622420154934206,-0.0948130222258687,-0.1164478291574227,0.1020801567313543,0.0935906258233813
